word,meaning
academy,学院、専門学校
accident,事故
acid rain,酸性雨
action,"1. 動き、演技
2. 行動、(一時の)行為、行い"
activity,活動
actor,俳優
addition,つけ加えること　〔in addition to ～で〕～に加えて
address,あて名、住所
adult,大人、成人
advantage,有利な立場、利点
adventure,冒険
advertisement,広告、宣伝
advice,忠告、助言、アドバイス
Africa,アフリカ、アフリカ大陸
afternoon,午後
age,年齢、歳
air,空中、空気
air pollution,大気汚染
airport,空港
album,(写真、ＣＤ、レコードなどの) アルバム
ambulance,救急車
America,アメリカ合衆国 〔正式名称はthe United States of America〕
American,アメリカ人、米国人
amusement park,遊園地
ancestor,祖先、先祖
animal,《植物に対して》 動物
animation,動画、アニメーション
anime,（日本の）アニメ
answer,答え、応答、返事
apartment,アパート
apple,リンゴ
April,4月
aquarium,水族館
architect,（建物の）建設者、建築家
area,（大小さまざまの）場所、区域、地域、地方
arena,競技場、アリーナ
arm,腕
arrest,逮捕
art,"1. 美術、芸術
2. 技術"
artist,芸術家
Asia,アジア（大陸）
astronaut,宇宙飛行士
attention,注意、注目
attitude,態度、考え方、見方
audience,聴衆、観客
August,8月
aunt,おば、おばさん
Australia,オーストラリア
autumn,秋
baby,赤ちゃん
backyard,裏庭
bag,かばん、バッグ、袋
balance,つり合い、バランス、（からだや心の）安定
ball,ボール、球
balloon,風船
bamboo,竹
banana,バナナ
band,楽団、バンド
bank,銀行
barrier,壁、障壁
baseball,野球
basketball,バスケットボール
bat,（野球の）バット
bath,入浴　  〔take a bath の形で〕 入浴する
bathroom,トイレ、浴室
beach,浜、浜辺、海辺、なぎさ
bear,クマ
beauty,美しさ
bed,ベッド 　〔go to bed の形で〕 寝る、床につく
bedroom,寝室
beef,牛肉
bell,鈴、鐘
belt,ベルト、（ズボンの）バンド、帯
bench,長いす、ベンチ
best,最高（のもの）
bicycle,自転車
bike,自転車　　〔bicycle ともいう〕
billion,10億
bird,鳥
birthday,誕生日
black,黒、黒人
blackboard,黒板
block,かたまり、ブロック
blog,(コンピュータ)ブログ
blossom,(特に果樹の)花
blue,青
blueberry,ブルーベリー
board,板、掲示板、黒板
boat,ボート、小舟、船
body,からだ、肉体
bomb,爆弾
book,本、書物
bookcase,本箱
bookstore,本屋、書店
border,国境
bottle,びん
box,箱
boy,男の子、少年、青年
Braille,点字
branch,"1. 支社
2. 枝"
Brazil,ブラジル
bread,パン
break,休けい、中休み、中断
breakfast,朝食、朝ごはん
bridge,橋
brightness,明るさ
British,英国人、イギリス人
brother,兄、弟、兄弟
brown,茶色
brush,筆
bubble,泡、あぶく
builder,建造者
building,建物、ビル
bump,でこぼこ
burn,やけど
bus,バス
business,商売、事業
butter,バター
button,ボタン
buzzer,ブザー
cacao,カカオ（の実）
cafeteria,カフェテリア、学食
cake,ケーキ
calendar,暦、カレンダー
call,電話(すること)
calligraphy,書道
Cambodia,カンボジア
camera,カメラ
can,（金属製の）缶
Canada,カナダ
Canberra,キャンベラ（オーストラリアの首都）
cap,"1. ぼうし 《つばがないか、つばが前だけにあるもの》
2. びんのふた"
capital,～の首都、中心地
captain,（チームの）キャプテン
car,自動車、車
card,カード、はがき、トランプの札　 〔たとえば play cards の形で〕 トランプをする
cardboard,段ボール、ボール紙
care,"1. 世話　〔take care of ～の形で〕 ～の面倒をみる
2. 注意、関心、保護、用心"
career,職業、経歴
carpenter,大工
carport,車庫、カーポート
carrot,ニンジン
case,"1. ケース、箱、～入れ
2. 場合、実例、実情、事実"
castle,城    〔たとえば Hirosaki Castle の形で〕 弘前城　
cat,ネコ
catalog,カタログ
catch,（ボールなどを）とらえること、キャッチボール　　〔play catch の形で〕　キャッチボールをする
cause,原因
cave,洞窟、ほら穴、横穴
CD,CD、コンパクトディスク  〔compact disc ［disk］の略〕
ceiling,天井
cell phone,携帯電話
cent,セント（アメリカ合衆国の通貨。100 cents = 1 dollar）
center,中心、中央、真ん中
century,世紀、100年
chair,（１人用で、背もたれのある） 椅子
challenge,挑戦、やりがい
champion,優勝者、選手権保持者、チャンピオン
championship,選手権（大会）、優勝
chance,機会、可能性、チャンス
change,おつり、つり銭、小銭
character,"1. (人の)性格、人格、(物の)特色
2. 人物、登場人物"
charity,慈善、チャリティー、慈善団体
chart,図表
cheese,チーズ
cheeseburger,チーズバーガー
chef,シェフ、コック長
cherry,サクランボ、サクラ（の木）
cherry blossom,サクラの花
chess,チェス
chest,胸
child,子ども
childhood,幼少時代
children,child の複数形
chimney,煙突
China,中国
Chinese,中国語、中国人
chocolate,チョコレート
choice,選ぶこと、選択、選ぶ自由
chorus,合唱
Christmas,クリスマス
church,教会
circle,円
city,市、都市、都会   〔city hall の形で〕 市役所
class,"1. 授業
2. 学級、組、クラス　 "
classmate,同級生、クラスメート、級友
classroom,教室
clean energy,再生可能エネルギー
clerk,係員、店員、係
climate,気候
clock,時計《置時計、掛け時計・柱時計》
cloth,布
clothes,衣服、服
cloud,雲
club,クラブ、部
coach,コーチ
coat,コート、上着
coffee,コーヒー
coin,硬貨、コイン
cola,コーラ
cold,かぜ　〔have a cold の形で〕 かぜをひいている
college,大学
color,色、肌の色
comic,マンガ
comment,コメント
communication,コミュニケーション、意思伝達、情報の伝達
community,地域社会
company,会社
compartment,もの入れ
computer,コンピュータ
concert,コンサート、演奏会、音楽会
conclusion,結論
condition,状態、容態、環境、状況
conditioner,ヘアコンディショナー、リンス
conditioner,冷暖房装置　〔air conditioner で〕エアコン
condominium,分譲マンション
conference,会議、会談、協議
connection,接続（すること）、つながり、関係
content,内容、中身
contest,コンテスト、コンクール
control,制御　〔out of controlで〕制御しきれなくなって
convenience,便利なこと（もの）
convenience store,コンビニエンスストア、コンビニ
cook,料理をする人
cooking,料理
corner,（道路の）曲がり角
costume,服装、衣装、コスチューム
cotton,綿
cough,せき
country,国
courage,勇気
course,"1. 〔Of course.の形で〕 もちろん
2. 方向、進路
3. 講座、コース"
court,（テニスなどの）コート
cousin,いとこ
cow,牛（雌牛、乳牛）
cracker,（菓子の）クラッカー
craftsperson,職人
crane,ツル
creativity,創造性[力]、独創[力]
culture,文化、土壌、習慣、風習、知的産物
cup,（紅茶・コーヒー用などの）カップ、茶わん、賞杯
curry,カレー、カレー料理
cushion,ざぶとん、クッション
custom,風習、習慣
customer,客、顧客
cycling,サイクリング
dad,パパ、お父さん　《家庭内で子どもが父親を呼ぶのに使う。呼びかけの時にはしばしば大文字で始めて Dad とする。》
dance,踊り、ダンス
dancer,踊る人、舞踏家、ダンサー
danger,危険（な状態）
date,日付、月日、日時
daughter,娘
day,"1. 日、1日
2. 日中、昼間"
day-at-work program,職業体験プログラム
death,死、死亡
decade,10年間
December,12月
decision,決断
degree(s) Celsius ,〔5℃ = five degrees Celsius で摂氏5度〕
democracy,民主主義
demonstration,（集会・行進などによる〕デモ、デモンストレーション
dentist,歯医者
department store,デパート
design,デザイン、設計
designer,デザイナー、設計者
desk,机
developing country,発展途上国
diary,日記、日記帳
dictionary,辞書
difference,ちがい、相違（点）、差
difficulty,苦しさ、困難、苦労
dining,食事
dinner,ディナー、夕食
dinosaur,恐竜
director,(映画)監督
disaster,災害
discount,割引
disease,病気
dish,"1. 皿、食器類
2. 一皿、料理"
doctor,医者、医師、博士
dog,イヌ
doggy bag,ドギーバッグ
dollar,ドル　　　《米国・カナダなどの貨幣で、1ドルは100セント》
dolphin,イルカ
dome,丸屋根、ドーム
donut,ドーナツ
door,戸、ドア、戸口、玄関
dot,点
Dr. (Dr),～博士　Doctorの短縮形
drama,（テレビの）ドラマ、劇
dream,夢、希望、理想
dress,衣装、ドレス
driftwood,流木
drill,訓練
drink,飲み物　　〔たとえば soft drinks の形で〕清涼（せいりょう）飲料
drinking fountain,水飲み場[器]
driver,（車を）運転する人、運転手
driveway,（道から車庫または玄関までの）車道
drop,しずく
drugstore,ドラッグストア、薬局
drum,太鼓、ドラム
duck,カモ、アヒル
DVD,デジタルビデオディスク　〔digital video disc ［disk］の略〕
e-mail (email),Eメール、電子メール
ear,耳
earth,地球　〔the をつけないで、Earth と大文字ではじめることもある〕
earthquake,地震
east,東
effort,努力
egg,卵、玉子
eight,8
eighteen,18
eighteenth,18番め、（月の）18日
eighth,8番め、（月の）8日
eighty,80
electricity,電気
elementary school,小学校
elephant,ゾウ
elevator,エレベーター
eleven,11
eleventh,11番め、（月の）１１日
emergency,緊急事態、非常時
end,終わり、最後、端
endangered animal,絶滅の危機にひんしている動物
ending,終わり、結末、エンディング
energy,エネルギー
engineer,技師、エンジニア
engineering,工学
England,イングランド
English,英語
entertainment,娯楽
entrance,入り口、玄関
environment,環境
era,時代　〔Nara era で〕奈良時代
eraser,消しゴム
Europe,ヨーロッパ
evacuation,避難
evening,夕方、晩、夜  《通例、日没から寝る時間までを言う》
event,行事、出来事、イベント
exam,試験
example,例、実例　〔for example の形で〕たとえば
exhibition,展覧会
experience,経験
expert,専門家、エキスパート
express,急行列車、速達便
expression,表現、言い回し、（顔などの）表情
eye,目、視力、視線
eyesight,視力
face,顔、表情
facility,設備、施設
fact,事実
fall,"1. 秋
2. 滝
3. 落下"
family,家族、一家、家族の者たち
fan,"1.  (スポーツなどの) ファン
2.  扇、扇子、うちわ"
farewell,別れ
farm,農場、農園
farmer,農家、農業をする人、農業主、農業経営者
farming,農業、農場経営
fashion,流行、はやり、ファッション、流行の服装
fate,運命
father,父、お父さん
favor,親切な行為　〔ask … a favor で〕　…にお願いする
favorite,お気に入りのもの［人］
February,2月
fee,料金、入場料
feeling,感情、考え、感覚
feet,〔foot の複数形〕
fence,垣根
Ferris wheel,観覧車
festival,お祭り、祭典　　〔たとえば the Aomori Nebuta Festival の形で〕 青森ねぶた祭り
fever,熱
fiction,小説、フィクション
field,運動場、フィールド、野原、畑、田、牧草地
fifteen,15
fifteenth,15番め、（月の）15日
fifth,5番め、（月の）5日
fifty,50
fight,戦い、口げんか
fighting spirit,闘志
film,映画
fine arts,芸術、(教科の) 美術
finger,(手の) 指
Finland,フィンランド
fire,火
fireplace,暖炉
firewood,まき、たきぎ
firework,花火
first,1番め、最初、（月の）ついたち
fish,魚 〔複数形も fish 〕
fitting room,試着室
five,5
five-story pagoda,五重塔
flash,ぱっと発する光、(撮影用の)フラッシュ
flight,フライト、飛行機旅行
float,山車
floor,"1. 床（ゆか）
2. ～階"
flower,花、草花
flute,フルート
food,食べ物、食糧
foot,足 《足首から下の部分》
football,フットボール(用のボール)、サッカー(用のボール)、アメリカンフットボール(用のボール)
forest,森、森林
fork,フォーク
forty,40
fossil fuel,化石燃料
four,4
fourteen,14
fourth,4番め、（月の）4日
fox,キツネ
France,フランス
freedom,自由
French,フランス語　
French fries,（細長い）フライドポテト
Friday,金曜日
fridge,冷蔵庫
friend,友達、友人
friendship,友情、友愛、親交
front,前面、前部、前　　〔in front of ～の形で〕～の前に
fruit,果物、フルーツ
fuel,燃料
fun,楽しいこと、面白いこと、楽しさ
furniture,家具
futon,フトン、ソファーベッド
future,未来、将来
game,"1. （一定のルールを持った）ゲーム、遊び
2. 試合、競技  "
garbage,生ごみ、くず
garden,"1. 庭、庭園
2. 畑､野菜園　　  "
gas,"1. 気体
2. (燃料用の)ガス
3. ガソリン　〔gas stationの形で〕　ガソリンスタンド  "
gate,門、出入口
geese,〔gooseの複数形〕
generation,世代、同世代の人々
gentleman,紳士　〔複数形は gentlemen〕
gentlemen,〔gentlemanの複数形〕
ger,ゲル（モンゴルの伝統的な移動式住居）
German,"1. ドイツ語
2. ドイツ人 "
Germany,ドイツ
gesture,身ぶり、ジェスチャー
Ghana,ガーナ
gift,贈り物
girl,女の子、少女
glacier,氷河
global warming,地球温暖化
glove,手袋
goal,"1. ゴール、決勝点
2. 目標、目的地　　"
goalball,ゴールボール《３人ずつの２チームで音の出るボールを用いて行う球技》
God,神
gold,金
goodness,善良さ、親切
goods,商品、品物
goose,ガン〔動物名〕
government,政府
grade,"1. 学年
2. 評定､点数 　 "
granddaughter,孫娘、女の孫
grandfather,おじいさん，祖父
grandmother,おばあさん、祖母
grandson,孫息子
grape,ブドウ
grass,"1.　草
2.　草地、芝生　　　"
gray,灰色、ねずみ色
Greece,ギリシャ
green,緑（色）
greenhouse gas,温室効果ガス
greeting,挨拶
ground,地面、大地   
group,グループ、団体
guide,（旅行などの）人、ガイド
guitar,ギター
gun,銃
gym,体育館、ジム
habit,習慣、くせ
habitat,生息地
hair,毛、髪の毛
half,半分
hall,会館、役所　〔city hallの形で〕市役所
hallway,（ビルなどの）廊下、通路
ham,ハム
hamburger,ハンバーガー
hand,手
handle,取っ手、柄
handout,配付印刷物、ビラ、プリント
happiness,幸福
hardship,苦難
harvest,収穫
hatred,憎しみ
haunted house,お化け屋敷
Hawaii,ハワイ（太平洋にある米国の州、州都はホノルル）
hawk,タカ
hay fever,花粉症
head,頭、頭部
headache,頭痛
health,健康
heart,心
heat,熱
heater,暖房器具
help,助け､援助
here,ここ、この場所
heritage,（祖先から伝わる精神的・文化的）遺産
hero,ヒーロー、英雄
high school,高等学校
highlight,ハイライト、見せ場
hill,丘、小山
history,歴史
hit,ヒット（曲）
hobby,趣味
hole,穴
holiday,休日、祝日
home,"1. 家、家庭
2. 故郷
3. 〔at home の形で〕家に、在宅して、くつろいで
4. （野球の）本塁　　　　　　　　　　　　　　　　　　　　　　　　　　　　　　　　　　　　　　　　　　　　　　　　　　　　　　　　"
homeland,本国、母国
homestay,ホームステイ
hometown,故郷
homework,宿題
honesty,正直（であること）、誠実さ
hope,希望、望
horizon,（人の）視野
horse,ウマ
hospital,病院、総合病院
host,（客を接待する）主人（役）
hot dog,ホットドッグ
hot spring,温泉
hotel,ホテル
hour,１時間
house,家、住宅
hula,フラ（ダンス）〈ハワイの民族舞踊〉
human,人、人間
humor,ユーモア
hundred,100
hunter,ハンター、猟師
hunting,さがし求めること
husband,夫
hymn,賛美歌
ice,氷
idea,考え、思いつき、アイディア
image,像、イメージ画像、絵
importance,重要性、重大さ、大切さ
India,インド
"industrial arts 
and homemaking",（教科の）技術・家庭科
industry,工業
information,情報
injury,けが、不調
ink,インク
insect,昆虫
insult,屈辱
interest,興味、関心
Internet,インターネット
interpreter,通訳者
interview,インタビュー、会見、面接
interviewer,インタビューする人、インタビュワー、面接官
island,島
jacket,ジャケット、上着
January,１月
Japan,日本
Japanese,日本、日本人、日本語、（教科の日本語にとっての）国語
Japanese-Brazilian,日系ブラジル人
job,仕事、職務
joke,冗談、しゃれ
Jones,ジョーンズ(姓）
journalist,記者、ジャーナリスト
joy,喜び
Judy,ジュディ〔女性名〕
juice,ジュース
July,７月
June,６月
jungle,〔ふつうthe～で〕(熱帯地方の)密林、ジャングル
junior high school,中学校
justice,正義、正しさ、公平
kangaroo,カンガルー
karaoke,カラオケ
Kenya,ケニヤ(アフリカ東部にある共和国）
key,かぎ
keyhole,鍵穴
kid,子ども
kilogram,キログラム
kilometer,キロメートル
kind,種類　　〔a kind of ～の形で〕　一種の～、～のようなもの
king,王、国王
kitchen,台所、キッチン
kite,(空にあげる)凧
koala,コアラ
Korea,"韓国・朝鮮　　〔たとえば South Korea, North Korea の形で〕 韓国、北朝鮮"
Korean,韓国・朝鮮語、韓国人・朝鮮人
lady,婦人
lake,湖    〔たとえば Lake Towada の形で〕 十和田湖
lamp,ランプ、明かり
land,土地、陸地
landing card,入国カード
landmine,地雷
language,ことば、言語
language arts,言語技術(米国の多くの小・中学校で仮名部科目の一つ）
lap,ひざ（の上）
last,最後
laughter,笑い
law,法律
lawyer,弁護士、法律家
leader,指導者、リーダー
left,左、左側
leg,あし 《ももの付け根から下全部あるいは足首までの部分》
lemon,レモン
leopard,ヒョウ
lesson,"1. (教科書などの)課、授業、勉強、けいこ、レッスン
2. 教訓"
letter,手紙、文字、字
level,水平（面）、水位、高さ
library,図書館，図書室
life,"1. 生命、いのち（複 lives）
2. 終生、一生
3. 人生
4. 生活、暮らし　　  "
light,"1. 光、光線
2. 明かり、電灯　 "
line,"1. 線、電話線
2. （文字の）行　
3. (バス・列車・飛行機などの)路線
4. (役者の)せりふ、(文章などの)行　　　    "
lion,ライオン
lives,lifeの複数形
living room,居間、リビングルーム
locker,ロッカー
London,ロンドン
look,見ること、一見　　〔 have ［take］ a look at ～の形で〕～を見る
lot,"1. 〔a lot of ～ の形で〕 たくさんの、多数の
2. たくさん、多数、多量 〔a lot〕"
love,"1. 愛、恋愛
2. 《手紙などの結びのことば》 〔たとえば Love, Lisa の形で〕 リサより　　"
luck,運
lucky break,成功のきっかけ
lullaby,子守歌
lunch,昼食、(お昼の）弁当
machine,機械
magazine,雑誌
magic,手品
maker,製作者
man,男の人、(一般的に)人
manga,（日本の）マンガ
manner,（mannersで）行儀、マナー
map,地図
March,３月
market,市場
marsh,沼
mask,(顔を保護する）防具、マスク
master,主人、住職、和尚(ときに固有名詞のように使い、大文字で書き始めてMasterで「和尚さま」
match,試合、勝負
math,数学 〔mathematicsを短くした形〕
matter,問題、困ったこと、事情
May,５月
mayor,村長
meal,食事
meaning,意味
meat,食用肉、肉
meat loaf,ミートローフ
medal,メダル
medicine,薬　〔take medicineの形で〕 薬を飲む
meeting,集会、会議
member,一員、メンバー
memorial,記念日、記念碑、記念館
memory,記憶、記憶力、思い出
men,〔manの複数形〕
menu,献立表、メニュー
message,伝言，メッセージ
meter,メートル　
mid-1900s,1900年代半ば
middle,真ん中、中間
milk,牛乳、ミルク
million,百万
mind,"心　[keep A in mindの形で］Aを心に留めておく
　　 [make up my mindの形で］決心する"
minister,牧師
minute,"1. (時間の)分
2. ちょっとの間　 〔Just a minute. の形で〕ちょっと待ってください"
mirror,鏡
mistake,まちがい　［by mistakeの形で］誤って、間違って
mom,ママ、お母さん  《家庭内で子どもが母親を呼ぶのに使う。呼びかけの時にはしばしば大文字で始めて Mom とする。》
moment,ちょっとの時間、瞬間
mommy,お母ちゃん
Monday,月曜日
money,お金
Mongolia,モンゴル(中国の北方に位置する国）
monkey,サル
month,(暦の)月
moon,月
morning,朝、午前
mother,母、お母さん
motto,標語、モットー
mountain,山
mouth,口
movement,動き、(社会的)運動
movie,映画
Mr. (Mr.),《男性の姓・姓名の前につけて》 ～さん、先生
Mrs. (Mrs.),《結婚している女性の姓・姓名の前につけて》 ～さん、先生
Ms. (Ms.),《女性の姓・姓名の前につけて》 ～さん、先生
Mt.,〔mountain （山）の略〕 ～山　  〔例えば Mt. Iwaki の形で〕 岩木山
much,多量、たくさん
museum,博物館、美術館
music,音楽
music club,(学校の）音楽部
musician,音楽家、ミュージシャン
Myanmar,ミャンマー
mystery,謎
name,名前
nation,国家
national holiday,国民の休日
national park,国立公園
natural gas,天然ガス
nature,自然、自然界
neck,首
need,必要　〔in needの形で〕必要で、困って
neighbor,隣人
nest,巣
New Year's Day,元日
New Year's Eve,大晦日
New York ,ニューヨーク
New York City,ニューヨーク市
news,ニュース、知らせ
newspaper,新聞、新聞紙
night,夜
nine,９
nineteen,19
nineteenth,19番目の、１９日
ninety,90
ninth,9番め、（月の）9日
No.,…番、第…号
Nobel Peace Prize,ノーベル平和賞
non-white,白人以外の人
noodle,麺、ヌードル
noon,正午
north,北、北方、北部
North Carolina,ノース・カロライナ(アメリカ合衆国の州名）
nose,鼻
note,メモ、覚え書き
notebook,ノート
November,11月
now,今
number,～番、番号、数、数字
nun,尼僧
nurse,看護師、保健の先生
nurse's office,保健室
nursery,託児所
nursing,看護、介護
nursing home,高齢者福祉施設、療養所
ocean,大洋、海
October,10月
octopus,タコ
office,事務所､役所
officer,係員、役人、警察官
official,係官、職員
oil,油、石油
Olympics,(theをつけて）オリンピック
one,１つ､１人
opinion,意見、考え、判断
orange,オレンジ（色）
orchestra,オーケストラ
order,"1. 命令
2. 注文
3. 順序"
origin,（～の)起源、由来
outlook,見方、考え方
owl,フクロウ
oxygen,酸素
P.E. (PE),体育 　〔physical educationの略〕
pack,1パック、１箱
page,ページ
pain,"1. 痛み
2. 苦心　"
painter,画家
painting,絵、絵画
pair,１組、対
palace,御殿
palm,手のひら
pamphlet,パンフレット
panda,パンダ
panel,パネル
paper,紙、折り紙、レポート、論文
paper crane,折り鶴
Paralympics,(theをつけて）パラリンピック
pardon,許し、許すこと　〔I beg your pardon.（最後を上げて発音して）/Beg your pardon?/Pardon?の形で〕 すみませんが、もう一度言ってください。
parent,親
Paris,パリ
park,公園、遊園地
part,"1.一部
2.役割、役目"
particular,項目、細部
partner,仲間、パートナー
party,パーティー
passion,熱中（しているもの）、情熱
passport,パスポート
past,過去
pastry shop,洋菓子店
patient,患者、病人
peace,平和
peach,（果物の）モモ
pen,ペン
pencil,えんぴつ
people,"1. 《複数扱いで、２人以上を表して》 人、人々、人間
2.国民　"
percent,パーセント
performance,上演、演奏、演技
performer,上演者、噺家、芸人
period,時代
person,人 〔２人以上を表すときは people がふつう〕
Peru,ペルー（南米の国の名前）
pet,ペット
pharmacist,薬剤師、薬局
Philippines,(the ～で）フィリピン共和国
phone,電話　　〔 telephone の略〕
phone call,電話をかけること
photo,写真　  〔photograph の略〕
photograph,写真
photographer,写真家、カメラマン
phrase,句、言い回し、フレーズ
piano,ピアノ
picnic,ピクニック、行楽
picture,絵、写真
pie,パイ（肉や果物などを練り粉で包んで焼いた菓子、料理）
piece,〔a piece of ～の形で〕１つの～、ひとかけらの～
pilot,パイロット
pink,ピンク色（の）、もも色（の）
pizza,ピザ
place,"1.場所､所
2.順位"
plan,"1. 事業
2. 計画、案、考え、予定　　  "
plane,飛行機
plant,植物
plastic,プラスチック
plastic bag,ビニール袋
plate,取り皿
play,劇
player,（楽器を）演奏する人、演奏家、（スポーツを）する人、選手
pleasure,喜び
pocket,ポケット
poem,詩
point,"1. 箇所、点、地点
2. 言おうとしていること、要点、考え
3. 特徴、特質　   "
poison,毒薬、毒
polar bear,ホッキョクグマ
police,〔しばしばthe policeで、複数扱い〕警察   〔（一人の）警官をさす場合は a police officer〕
police officer,(一人の）警官
politician,政治家
pollution,汚染
polo,（馬に乗って行う競技）ポロ
pond,池
poodle,プードル（犬の１品種）
pool,（水泳用の）プール
popular culture,大衆文化、ポップカルチャー
population,人口
Portuguese,ポルトガル語
post,郵便、郵便物
post office,郵便局
postcard,郵便はがき、絵はがき
poster,ポスター
pot,（深い）なべ
pouch,袋
pound,ポンド(イギリスの通貨）
power,力、能力
prefecture,県
present,"1.「現在」
2.プレゼント、贈り物"
presentation,（意見・提案などの）発表、プレゼンテーション
pressure,圧力、せまられること、プレッシャー
price,値段
prince,王子
principal,校長
principal's office,校長室
print,印刷、版画
prize,賞、賞品
problem,(困難を引き起こす)問題、障害、課題
product,製品、生産物
professor,教授
program,"1. 番組（表）、プログラム
2. 計画、予定（表）　"
programmer,プログラマー
promise,約束
prop,小道具
public hall,公会堂
purple,紫色（の）
purpose,目的
question,"1. 質問、問い
2. 問題、論点　　"
quiz,簡単な口頭（筆記）のテスト、質問、（ラジオ・テレビの）クイズ
rabbit,ウサギ
race,競争、競走
racket,ラケット
radio,ラジオ
radish,ハツカダイコン
rain,雨
rain forest,熱帯雨林
rainbow,虹
ramp,スロープ
reading,読むこと
reality,現実、実際
reason,理由
recipe,（料理などの）作り方、レシピ
red,赤い、赤色（の）、赤
refugee,難民、避難者
relay,リレー競走
report,レポート、報告
reporter,リポーター
research,研究、調査
resource,〔通常は複数形で〕資源、財源
respect,尊敬、尊重
rest,休み
restaurant,レストラン、食堂、料理屋
restroom,（デパート・劇場などの）洗面所、トイレ
result,結果
return,再び巡ってくること
reuse,再利用
rhythm,リズム
rice,ご飯、米
rice ball,おにぎり
rice cake,もち
right,"1.（利益などを得る）権利、法的権利
2. 右、右側"
rise,上昇、増加、昇進
river,川　　　〔たとえば the Mabechi River の形で馬淵川〕　
road,道路
robot,ロボット
rock,"1. ロック（音楽）
2. 岩、岩石   "
roll,巻いたもの、－巻
Roman,古代ローマ人、現代のローマ市民
Rome,ローマ〔イタリアの首都、古代ローマ帝国の首都〕
roof,屋上、屋根
room,部屋
rope,綱、縄、ロープ
rule,決まり、規則
ruler,ものさし、定規
Russia,ロシア
sadness,悲しみ
salad,サラダ
sale,安売り、バーゲンセール
salt,塩
sandwich,サンドイッチ
Saturday,土曜日
scene,（劇・映画・小説の）場面
scenery,風景、景色
schedule,予定（表）
school,学校　　〔たとえばgo to school の形で〕 学校へ行く、学校に通っている
schoolyard,校庭、運動場
science,理科、科学、自然科学
scientist,科学者
Scotland,スコットランド
scrambled egg,スクランブルエッグ
sculpture,彫刻
sea,海   〔たとえば go to the sea の形で (海水浴などの目的で）海岸へ行く
sea level rise,海面上昇
seal,アザラシ
season,季節
seat,席
second,"1.（時間の）秒
2.２番め､（月の）２日
3.少しの間"
section,部分、部門、〔会社、官庁などの〕課
seed,種
sense,意味、感覚
September,９月
serve,（テニスなどの）サーブ
set,（テニスなどの）セット
seven,7、７つの
seventeen,17
seventeenth,17の番目の、１７日
seventh,７番め、（月の）７日
seventy,70、７０の
shade,陰
shampoo,シャンプー
shape,形、姿
shelf,棚
ship,船
shirt,シャツ
shock,（精神的な）ショック
shoe,くつ　　〔たとえば a pair of shoes の形で〕　くつ１足
shop,(ものを売る)店、小売店
shopping,買い物
short,〔in short の形で）手短に言うと
shoulder,肩
show,ショー
shower,シャワー
shrine,神社
shyness,内気、はにかみ
sickness,病気
side,"1.面、局面、味方
2.横、脇　〔side by side で〕並んで"
sightseeing,観光、見物
sign,"1. 標識、看板
2. 身ぶり、合図  "
singer,歌う人、歌手
singing,歌うこと、歌唱
sister,姉、妹　   
site,（重大なできごとが起こった）場所、遺跡
situation,状況、状態
six,6
sixteen,16
sixth,6番め、（月の）6日
sixty,60
size,大きさ、サイズ
skill,技術、技能
skin,皮膚、肌
sky,空、大空
slump,不振、不調
smell,におい
smile,ほほえみ
smog,スモッグ
smoke,煙
snack,（正規の食事の間の）軽食、おやつ
snake,へび
sneaker,スニーカー
snow,雪
soccer,サッカー
social studies,(教科の）社会科
sock,ソックス、（短い）くつ下　　〔a pair of socks の形で〕　くつ下１足
sofa,ソファー
softball,ソフトボール
solar cooker,ソーラークッカー
soldier,（陸軍の）兵士、軍人
son,息子
song,歌
sound,音、響き
soup,スープ
south,南
South Africa,南アフリカ共和国
southwest,南西
soybean,大豆
space,"1. 宇宙、宇宙空間
2. 空間、場所、スペース　　"
Spain,スペイン
Spanish,スペイン語
speaker,話す人
speech,演説、スピーチ
spirit,"1. 気力、勇気　〔fighting spirit の形で〕闘志
2. 心、精神、霊"
spoon,スプーン
sport,スポーツ、運動
sports day,運動会
spring,"1. 春
2. 泉　〔hot spring の形で〕　温泉    　　"
sprint,短距離走
square,四角形
stable master,（相撲部屋の）親方
stadium,スタジアム、競技場
staff,〔集合的に〕職員、社員
stage,舞台、ステージ
stair,階段
stairs,〔stairsで〕階段
stand,スタンド、台
star,"1. 星
2. (映画・スポーツなどの)スター　　 　"
starvation,飢餓、ききん
station,駅
stationery,文房具
statue,像、彫刻
Statue of Liberty,自由の女神像
stay,滞在
step,"1. （階段の）踏み段
2. 段階"
stew,シチュー
stomach,おなか、胃
stomachache,腹痛
stop,駅、停留所
store,店
story,話、物語
storytelling,物語を語ること  　〔comic storytellingで〕話芸
stream,小川、川
street,通り
stringed instrument,弦楽器
stroller,ベビーカー
struggle,もがき、苦闘
student,学生、生徒
stuff,もの
style,やり方、作風、型
subject,"1. (主）題、トピック、テーマ
2.教科　　"
suburb,郊外
subway,（アメリカ合衆国の）地下鉄
success,成功
sugar,砂糖
summer,夏
summer class,（勉強が遅れている生徒のための）夏の補習授業
sumo stable,相撲部屋
sumo wrestler,力士
sun,"1. 太陽
2. 日光、陽光　"
sun flower,ひまわり
Sunday,日曜日（複数形で毎週日曜日）
sunlight,日光、陽光
sunset,日の入り
supermarket,スーパーマーケット
support,支持、支援
survival,生き残ること
swimming,水泳
swimming pool,水泳プール
sword,剣
Sydney,シドニー 《オーストラリア東岸にある都市》
symbol,シンボル、しるし
system,"1.　組織　　　
2.　制度、システム"
T-shirt,Ｔシャツ
table,テーブル、食卓
table tennis,卓球
tail,尾（ひれ）、しっぽ
tale,物語、お話
talk,話、スピーチ
Tanzania,タンザニア
task,仕事、任務
taste,味
taxi,タクシー
tea,茶、紅茶
teacher,教師、先生
teachers' room,職員室
team,チーム
teammate,チームメイト
teamwork,チームワーク
tear,涙　【in tearsで】涙を流して
technology,科学技術
teeth,歯（toothの複数形）
telescope,望遠鏡
temperature,温度、気温
temple,寺
ten,10
tennis,テニス
tenth,10番め、（月の）１０日
test,試験、テスト
textbook,教科書、テキスト
Thailand,タイ
thank,〔Thanks の形で〕ありがとう
theater,劇場、映画館〔movie theaterともいう〕
theme,主題、テーマ
then,そのとき、当時
thing,もの、こと
thinking,考え、思考
third,３番目、３日
thirteen,13
thirteenth,13番め、（月の）13日
thirtieth,30番目（の）、30日
thirty,30
thought,"1. 考えること、思考
2. 考え､思想　　 "
thousand,1000
three,3
throat,のど
Thursday,木曜日
ticket,切符、チケット、券
tie,ネクタイ
time,"1. 回、度
2. 時間、期間、暇
3. 時刻
4. 〔しばしば複数形で〕 時代"
timing,タイミング、時機を選ぶこと
title,題名、タイトル
toast,トースト
today,今日
toilet,トイレ、化粧室
tomorrow,明日
tongue,国語、母語
tool,手段、道具
tooth,歯   〔複数形は teeth〕
toothache,歯痛
toothbrush,歯ブラシ
top,"1. 一番上の部分、頂上
2. 最高位、トップ"
total,総合、合計　〔in total〕合計で、全部で
touch,接触　　〔keep in touchで〕連絡をとり続ける
tour,旅行
tourism,観光事業、観光、旅行
tournament,トーナメント、勝ち抜き試合
towel,手拭い、タオル
tower,塔、タワー
town,町、市、都会
toy,おもちゃ
track,線路
track and field,陸上競技
trade,貿易
tradition,伝統
traffic,交通  〔traffic light〕交通信号（灯） 
tragedy,悲劇、悲しいできごと
train,列車、電車
trainer,トレーナー
transportation,輸送機関
treasure,宝物
tree,木、樹木
trip,旅行 《比較的短期間のものについていう》　　〔たとえば go on a school trip の形で〕修学旅行に行く
trophy,優勝記念品、トロフィー
trouble,"1. 心配
2. もめごと
3.余分な手間、めんどう"
Tube,チューブ（ロンドンの地下鉄のニックネーム）
Tuesday,火曜日
tug-of-war,綱引き
tuna,マグロ
turkey,七面鳥
turn,番、順番　　〔in turnで〕代わって今度は
turning,曲がり角、回転    〔turning pointで〕転機
turtle,カメ
TV,テレビ（番組）
twelfth,12番め、（月の）12日
twelve,12
twentieth,20番目
twenty,20
twenty-eighth,28番目（の）、28日
twenty-fifth,25番目（の）、25日
twenty-first,21番目（の）、21日
twenty-fourth,24番目（の）、24日
twenty-ninth,29番目（の）、29日
twenty-second,22番目（の）、22日
twenty-seventh,27番目（の）、27日
twenty-sixth,26番目（の）、26日
twenty-third,23番目（の）、23日
two,2
type,型、タイプ、種類
U.K.,イギリス〔The United Kingdom（連合王国）の略でイギリスの正式国名は The United Kingdom of Great Britain and Northern Ireland 〕
U.S.,〔通常はtheを付けて〕アメリカ合衆国
umbrella,かさ
uncle,おじ、おじさん
underground,〔通常はtheを付けて、イギリスの〕地下鉄
unicycle,一輪車
uniform,制服、ユニフォーム
United Nations,〔通例はtheを付けて〕国際連合
United States,アメリカ合衆国
universal design,ユニバーサルデザイン
university,大学
US(U.S.),《略》〔the ～で〕アメリカ合衆国、米国　《the U.S.とも》
USA(U.S.A.),《略》〔the ～で〕アメリカ合衆国、米国　《the U.S.A.とも》
use,使用、使い道
vacation,休暇、休み
Valentine,Happy Valentine's Day!　〔バレンタインデーのメッセージ〕
vegetable,野菜
vending machine,自動販売機
Venezuela,ベネズエラ〔南米の国の名〕
vet,獣医（veterinarianの略）
victory,勝利、優勝
video,ビデオ  〔 video game の形で〕　テレビゲーム
video game,映像、動画　〔video game 〕テレビゲーム
Vietnam,ベトナム〔東南アジアの国の名〕
view,"1. ながめ、景色
2. 考え、見方"
village,村
vinegar,食用酢、ビネガー
violin,バイオリン
visit,訪問 〔 pay a visit to の形で「～を訪問する」〕　
visitor,訪問者
voice,声
volleyball,バレーボール
volume,〔書物の〕巻、冊
volunteer,ボランティア、志願者
waitress,ウエイトレス
walk,"1. 歩くこと、散歩
2. 歩行距離、道のり"
Walker,ウォーカー（姓）
wall,壁、へい、城壁
war,戦争
ware,～焼、～製品
warming,〔global warming で〕地球温暖化
warrior,武人、軍人
"Washington, D.C.",ワシントンD.C.（米国の首都）
waste,浪費
watch,腕時計
water,水、水中
waterfall,滝
wave,波
way,"1. 方向
2. 道
3. 方法、手段　"
weather,天気、気象
website,ウェブサイト
Wednesday,水曜日
week,週
weekend,週末
whale,クジラ
wheel,車輪
wheelchair,車イス
while,間、しばらく 〔たとえば for a while の形で〕 しばらくの間
white,白、白人
wife,妻
wild,〔the wild で〕野生
wildcat,ヤマネコ　〔Wildcat House〕山猫軒
wilderness,荒野
wildlife,野生動物
will,意志
wind,風
windmill,風車
window,窓
winner,勝つ〔勝った〕人、勝利者
winter,冬
wire,針金、ワイヤー
wish,願い、望み
woman,女性、女の人　　〔複数形は women 〕
women,〔woman 〕の複数形
wonder,驚き
wood,まき、木
word,"1. ことば、発言
2. 語、単語　　"
work,"1. 仕事、勉強
2. 作品　　 "
worker,労働者
world,世界（の人たち）
World Cup,〔the　～で〕ワールドカップ
World Heritage Site,世界遺産
wrestling,レスリング
writer,作家、著述家
writing,書かれた文字、筆跡、書くこと
yacht,ヨット
year,"1. 年、1年
2. ～歳、年齢　 "
yellow,黄色
yesterday,昨日
yogurt,ヨーグルト
zero,0、ゼロ
zoo,動物園
all,"1. 全部、全員、すべて、みな
2. 〔not ～ at all の形で〕 少しも～でない。"
another,もう１つのもの［人］、別のもの［人］　〔one after another の形で〕 次々と
any,〔疑問文で〕 いくらか
anyone,"1. 〔肯定文で〕 だれでも
2. 〔疑問文で〕 だれか
3. 〔否定文で〕 だれも"
anything,"1. 〔肯定文で〕 何でも
2. 〔疑問文で〕 何か
3. 〔否定文で〕 何も"
as,〔such ～ as … の形で〕 …ような～
both,両方、2 人［2つ］とも
each,それぞれ、めいめい  〔each other で〕 お互いに
everybody,だれでも、みんな
everyone,みなさん、みんな、だれでも　〔単数扱いで、everybody という言い方もある〕
everything,あらゆること［もの］、何もかも　　〔単数扱い〕
he,彼は［が］、その（男の）人は［が］
her,"1. 彼女を［に］
2. 彼女の　　　　　　　　　　　　　　　　　　　　　　　"
hers,彼女のもの
herself,彼女自身を［に］、彼女自身で
him,彼を［に］
himself,彼自身を［に］、彼自身で
his,"1. 彼の
2. 彼のもの　 　　　　　　　　　　　　　　　　　　　　　　　　　　　　"
I,私は［が］
it,"1. 《前に出た語句や文の内容を受けて》それは［が］
2. 《前に出た語句や文の内容を受けて》それを［に］
3. 〔It is ～ (for Ａ）to do…の形で〕 Ａ［人］が…するのは～だ
4. 《時・天候・季節・距離などを表して、日本語では「それ」とは訳さない》　 　 　 "
its,その、それの
least,いちばん少ないもの [at leastの形で]少なくても
little,"1. 〔 a littleの形で〕 少量、いくらか
2. 〔 a をつけないで〕 ほとんど～ない        "
many,たくさん（の人、物）
me,わたしに［を］
mine,わたしのもの
more,もっと多くの数（量）、もっと多くのこと（もの、人）
most,大部分、大多数
my,私の
myself,私自身（で）　〔by myselfの形で〕 （私）ひとりで
next,次の（人）
nobody,だれも～ない
nothing,何も～ない
one,"1. １つ､１人､～なもの
2. （一般に）人､だれでも
3. 〔one after another の形で〕次々と　"
other,"1. 〔複数形 others の形で〕 ほかのもの、ほかの人たち
2. 〔the other の形で〕 《２つのものについて》 もう一方   《３つ以上のものについて》 残りの１つ
3. 〔複数形 the others の形で〕 《３つ以上のものについて》 残りのもの（全部） "
our,私たちの、ぼくたちの
ours,私たちのもの、ぼくたちのもの
ourselves,私たち自身に［を］、ぼくたち自身に［を］
some,"1. （全体の中の）一部分、一部の人々
2. いくつか、いくらか、いく人か　　　"
someone,だれか
something,何かあるもの［こと］
that,"1. あれ、それ
2. あの［その］こと
3. あの［その］人、あちら、そちら
4. 〔関係代名詞で〕～である［する］（ところの）"
their,彼らの、彼女らの、それらの
theirs,彼らのもの、彼女らのもの、それらのもの
them,それらを［に］、彼らを［に］、彼女たちを［に］
themselves,彼ら〔彼女ら〕自身（で）
these,これらが［は］[を][に]
they,彼らが［は］、彼女たちが［は］、それらが［は］
this,"1. これ
2. 《電話やテレビ・ラジオの放送などで話している本人をさして》こちら、《同様の状況で話している相手をさして》そちら
3. この人、こちら
4. すでに述べたこと、このこと、これから述べること　　　　　"
those,あれら、それら
us,私たちを［に］
we,私たちは［が］
what,何が［を、に］
which,"1.〔関係代名詞で〕～である［する］(ところの) 
2. どちら、どれ"
who,"1. だれ
2.〔関係代名詞で〕～である[する](ところの)　　　"
whose,だれのもの、だれの
you,"1. あなた(たち)に［を］
2. あなた(たち)は［が］
3. 《話し相手を含めた一般の人をさして》　(広く一般の)あなたたちは［が］ "
your,"1. あなた（たち）の
2. 《話し相手を含めた一般の人をさして》 (広く一般の) あなたたちの 　   "
yours,あなた（たち）のもの
yourself,あなた自身を［に］
accept,受け入れる
act,（役を） 演じる
add,加える
agree,賛成する、同意する、意見が一致する　〔agree with ～の形で〕 ～に賛成する
allow,～を許可する
am,〔必ず I とともに使って〕 ～です、～だ、～である、（～に）いる
amaze,～を驚嘆させる、びっくりさせる
answer,～に答える、応答する　〔answer the phone の形で〕 電話に出る　  
are,"1. 〔you, we, they や複数名詞とともに使って〕 ～です
2. 〔there, here とともに使って〕 （～に）…がいる［ある］"
arrest,逮捕する
arrive,"着く、到着する　〔たとえば arrive at school, arrive in New York などの形で〕 学校に到着する、ニューヨークに到着する"
ask,"1. ～をたずねる、問う
2. 求める 〔ask A for B の形で〕 A［人］にB［ものごと］を求める
3. たのむ　〔May I ask you a favor? の形で〕 あなたに一つお願いしてもよろしいですか
4. 〔ask A to do ～ の形で〕　Ａ［人］に～するように頼む"
assist,（人を）助ける、手伝う
attend,出席する、参加する
attract,"1.（人を）ひきつける
2.（注意などを）ひく"
bake,～を焼く
base,基礎［根拠］を置く　〔be based on ～で〕～に基づく
be,"1. ～になる、～である
2. 〔Be ～の形で命令文を作る〕 ～で［て］いなさい 
3. ～にいる、～にある"
become,〔名詞・形容詞・過去分詞などをあとにつけて〕 ～になる、～に変わる  〔過去分詞形もbecome〕
begin,"1. はじまる〔自動詞〕 
2. ～をはじめる〔他動詞〕 "
believe,～を信じる
belong,〔belong to～の形で〕～の一員である
blow,"1. （風が）ふく
2. （人・動物などが息・水など）を吐く"
blush,顔を赤らめる
boil,～をゆでる、沸騰させる
born,〔be bornの形で〕 誕生する、生まれる
borrow,～を借りる
bother,じゃまをする
break,～をこわす、折る、破る
bring,《向こうからこちらへ》 ～を持ってくる、つれてくる   
broaden,～を広くする、広げる
brush,（ブラシで）みがく
build,～を建てる、～を築き上げる
burn,～を燃やす
bury,埋める
buy,～を買う
call,"1. （大声で）呼ぶ
2. ～を呼び寄せる 　
3. 電話をかける
4. 〔call A B の形で〕 ＡをＢと呼ぶ、名づける
5. [call ～ backの形で] ～におりかえし電話する"
calm,静まる、落ち着く
camp,キャンプ（生活）する
care,[care for ～の形で]　～の世話をする
carry,運ぶ、持って行く、持ち歩く
catch,～をとらえる、つかまえる
cause,～を引き起こす、～の原因となる
celebrate,～を祝う
change,"1. 変わる〔自動詞〕
2. ～を変える 〔他動詞〕 
3. （電車など） を乗り換える"
check,～を調べる、チェックする、確認する、照合する
cheer,～を元気づける、声援を送る、応援する、励ます
choose,～を選ぶ
clap,（手を）たたく、拍手する
clean,～をきれいにする、そうじする
climb,（高いところ） に登る、よじ登る
close,（窓、ドアなど） を閉める、閉じる、閉まる
collect,（～を）集める、収集する
come,"1. 来る　〔come and ～ の形で〕 ～しに来る  〔come to school の形で〕 学校に来る  〔come back の形で〕 戻ってくる
2. (相手のいる所へ・相手と同方向へ) 行く
3. (時・季節などが) 巡ってくる
4. 〔Come on.の形で〕 さあ急げ、さあ
5. 〔come from～ の形で〕 ～から来ている、～出身である　  〔過去分詞形もcome〕
6. [～の状態に]なる　〔come trueの形で〕実現する"
communicate,(知識・情報・人の気持ちなど) を伝える、意思を伝え合う
compare,比較する、比べる
complain,不平を言う
connect,結びつける、つながる
contact,（人と）連絡をとる、接続する
continue,～を続ける、続く
cook,（～を）料理する
cost,（金額・費用）がかかる
count,（～を）数える
cover,（物の外側）をおおう
create,～をつくり出す
cross,～を横切る
cry,"1. （大声で）叫ぶ、大声で言う
2. （声をあげて）泣く"
cut,～を切る 　〔過去形、過去分詞形も cut〕
dance,踊る、ダンスをする
decide,決める　〔decide to ～〕 ～しようと決心する
depend,～による、～しだいである
design,～をデザインする、設計する
despair,絶望する
destroy,破壊する、こわす
did,〔do （する) の過去形〕
die,（人や動物が） 死ぬ、亡くなる、（植物が） 枯れる
direct,(映画などを)監督する、演出する
disagree,意見が合わない、賛成しない、反対する
disappear,消える、なくなる、消滅する、存在しなくなる、見えなくなる
discover,～を見つける、～を見いだす
do,～をする
done,〔doの過去分詞形〕
drank,drinkの過去形
draw,"1. （鉛筆、ペンなどで絵など）をかく、（線）を引く
2. ～を引く、引っ張る"
drink,～を飲む
drive,(自動車)を運転する
drop,～を落とす、落ちる
eat,～を食べる、食事をする
encourage,勇気づける、はげます、激励する
end,終わる、終える
enjoy,～を楽しむ、～を楽しんでいる
enter,（建物・部屋・場所など）に入る
excuse,許す　〔Excuse me.の形で〕 失礼ですが、すみませんが
experience,経験する
explain,～を説明する
express,～を表現する、言い表す
face,（危険・困難などに)立ち向かう、直面する
fade,消えていく
faint,気をうしなう、気絶する
fall,落ちる
fascinate,魅了する、うっとりさせる
feed,えさをやる、食物を与える
feel,"1. ～と感じる、～と思う
2. ～を感じる　　"
fight,戦う
fill,いっぱいになる
find, ～を見つける、見いだす
finish,～を終える、終わらせる、終わる
fish,魚釣りをする
fit,（サイズ、形が）合う
fly,飛ぶ、（飛行機で）行く
follow,～についていく、（～と一緒に）異動する、～に従う
force,強制する、無理に～させる[する]
forget,～を忘れる、思い出せない
form,（人がもの）を形作る
fulfill,（望みなどを）実現する
gather,～を集める、集まる
get,"1. ～を得る、手に入れる
2. ～（の状態）になる
3. わかる、理解する
4. 着く、到着する　〔たとえばget to Shiriyazaki, get home の形で〕 尻屋崎に着く、家に着く
5. 〔get up の形で〕起きる
6. (タクシーなどを)ひろう、利用する
7. 〔get together の形で〕集まる"
give,"1. ～を与える、贈る　〔give A B, give B to A の形で〕ＡにＢを与える
2. (会などを)開く、もよおす、演ずる、行う"
go,"1. 行く　〔たとえばgo to school の形で〕学校へ行く
2. 〔be going to do ～ の形で〕 ～するつもりである
3. 〔go doing ～ の形で〕～しに行く"
graduate,卒業する
greet,～に挨拶する、～をむかえる
grin,にこっと笑う、にやっと笑う
grow,"1. 成長する、大きくなる、育つ
2. ～を栽培する、育てる
3. （しだいに）～になる"
guess,～をあてる、推測する
happen,(事件などが) 起こる、生じる
hate,～するのが嫌いだ、～したくはない
have,"1. ～をもっている、～がある、～がいる
2. ～を食べる、飲む
3. ～を過ごす、経験する
4. (病気)にかかっている、～が痛む
5. 〔have to do ～ の形で〕 ～しなければならない
6. ～を飼っている              　                                       　 　                                        　                       　                                                                                                          "
head,～向かう
heal,～をいやす
hear,"1. ～を聞く、～が聞こえる
2. 《情報・うわさなど》を耳にする
3. 〔hear from～の形で〕 ～から返信［便り］をもらう"
heat,熱する、あたためる
help,"1. ～を助ける、援助する
2. （～を）手伝う、助ける　〔May I help you? の形で〕 《店員が客に対して》 いらっしゃいませ　〔help A with B の形で〕 ＡのＢを手伝う　
3.〔Please help yourself. の形で〕 どうぞご自由にとって食べて（飲んで）ください　　　　　　　　　　　　　　　　　　　　　　　　　　　　　　　  　　　　　　　　　　　　　　　　　　　　　　　　　　　　　　　　　　　　　　　　　　　　 "
hit,～に当たる、ぶつかる　〔過去形、過去分詞形もhit〕
hold,"1. (手などでしっかりと）持つ、にぎる、抱く、抱きかかえる
2. 開催する、催す
3.（電話を）切らないで待つ　　　　　　　　　　　"
hope,～を望む、～だとよいと思う
hug,（愛情を込めて）抱きしめる
hunt,狩りをする
hurry,急ぐ
hurt,"1. 痛む 〔過去形、過去分詞形もhurt〕
2. ～を傷つける、～にケガをさせる　　　　　　　　　　　　　　　　　　　　　　　　　　　 "
imagine,想像する
impress,感銘を与える、印象づける
improve,よくなる、改善される
increase,増やす
influence,～に影響を与える
injure,傷つける、けがをさせる
interview,インタビューする、面接する
introduce,～を紹介する、～を取り入れる、導入する
invite,～を招く
is,"〔he, she, it や単数名詞等とともに使って〕 1. ～です、～だ、～である
2. 〔there, here とともに使って〕（～に）…がいる［ある］"
join,"1. ～に加わる、参加する
2. ～をつなぐ"
judge,(物のよしあしを)判断する
jump,とぶ、とび超える、はねる
keep,"1. (法律・慣習・命令など)を守る、保存する、保つ、しまっておく
2. ～をもち続ける、ずっと～である、～している"
kick,～を蹴る
kid,からかう、冗談を言う
kill,～を殺す
knit,編む、編み物をする
knock,ノックする、たたく
know,～を知っている、わかる　　  
land,着陸する
last,続く
laugh,笑う
lay,(卵を)産む
lead,指揮をする、先頭に立つ
learn,"1. ～を学ぶ、習う、覚える
2. 知る、聞く"
leave,"1. ～を出発する、出る、去る
2. ～を残す、～を置いていく
3. （学校・仕事など）をやめる"
lend,～を貸す
let's,（let us を短くした形）～しましょう
lie,（人・動物が）横たわる、横になる
lift,持ち上げる
like,～を好む、～が好きだ
listen,〔listen to ～ の形で〕 ～を聞く、耳を傾ける
live,"1. 住んでいる、暮らしている、生活する
2. 生きる、生きている"
locate,(何かをある場所に)置く、be　located in ～で　～に位置する、、～にある　
lock,lock up~で　～を閉じ込める、監禁する
look,"1. （意識的に）見る 〔look at ～ の形で〕～を見る
2. 〔look + 形容詞の形で〕　（外見が）～に見える
3. 〔look for ～ の形で〕～をさがす
4. 《人の注意をひくときに使って》 ねぇ、ほら見て"
lose,"1. ～を失う　[lose one's wayの形で]道に迷う
2. (勝負に）負ける"
love,"1. ～を愛する、～が大好きである
2.　〔I would love to do ～の形で〕～したいと思う"
make,"1. ～を作る
2. ～を…にする　〔make A B の形で〕 Ａ［人・ものなど］をＢにする　〔ただし A＝B の関係が成り立たない場合は、「ＡにＢを作ってあげる」の意味になる〕
3. 〔動作を表す名詞を目的語として〕～をする　〔たとえば make a wish の形で〕 願いごとをする
4. ～を得る、作る　〔たとえば make friends （with ～) の形で〕 (～と）仲良しになる
5. ～を整える、用意する  〔たとえば make tea の形で〕 お茶を入れる
6.［たとえばmake A of Bの形で］BでAを作る
7.［たとえばmake A from Bの形で］BからAを作る
8.［たとえばmake A into Bの形で］AでBを作る
9.～をもたらす、生じさせる"
manage,どうにかやっていく、なんとかうまく～する
marry,結婚する
mean,"1. ～を意味する、表す
2. ～のつもりで言う、～をさして言う"
meet,"1.～に会う、面会する
2.～と知り合いになる"
melt,溶ける
miss,"1.　乗りそこなう、取り［見・聞き］そこなう､欠席する
2.　～がいなくてさびしく思う"
mistake,～を間違える　［mistake A for Bの形で］AをBと間違える
mix,～を混ぜる
move,"1. 動く、移動する
2. ～を感動させる
3.引っ越す"
name,〔name A B の形で〕ＡをＢと名づける、呼ぶ
need,～が必要である　　[need to～の形で］～する必要がある
nod,うなずく
notice,気がつく
open,"1. あける、広げる
2. 開く、あく
3. 開始する"
order,命ずる、注文する
organize,組織する、準備する
overcome,打ち勝つ、乗り越える
package,(製品など)(…で）包装する
paint,(絵の具で絵)をかく
panic,うろたえる、あわてふためく
pardon,～を許す  〔Pardon me?の形で〕 すみませんが、もう一度言ってください。
park,(自動車）をとめておく､駐車する
pass,"1. ～を手渡す､回す
2. ～経過する
3. 通り過ぎる、通る"
pay,支払う、払う
perform,演じる、演奏する
photograph,写真を撮る
pick,"1. ～を摘む、つみ取る
2. ～を選ぶ
3. 〔pick up ～ の形で〕～を拾い上げる、～を車で迎えに行く"
place,置く、並べる
plan,～を計画する
plant,～を植える
play,"1. (スポーツ・ゲームなど)をする
2. (曲・楽器など)を演奏する
3. 遊ぶ
4. ～（の役）を演じる　"
point,指さす､さし示す
post,（ウエブ上に写真などを）投稿する、投函する
practice,（～を）練習する
pray,祈る
prefer,（～のほうを）好む、選ぶ
prepare,準備をする
produce,～を産み出す、生産する
protect,～を守る、保護する
pull,～を引く
punish,罰する
push,～を押す
put,～を置く、つける　 　〔過去形、過去分詞形も put〕
quit,やめる、去る　〔過去形、過去分詞形もquit〕
quiz,～に簡単なテストを行う、～に質問する
rain,雨が降る 　〔it が主語になる〕
raise,"1.～を上げる　 　〔たとえば Raise your hand. の形で〕 手を上げなさい
2. （子どもを）育てる"
read,～を読む   〔発音は ［ri:d］〕
realize,実感する、理解する
receive,～を受け取る、もらう
recognize,～を認める、評価する
recycle,～を再生する、～を再利用する
reduce,～を小さくする、下げる、減らす
relax,くつろぐ、リラックスする
release,〔ＣＤ／レコードを〕発売する
remain,残る、とどまる
remember,～を思い出す、覚えている、忘れない
remind,思い出させる、気づかせる
remove,～を取りはずす、～を取り除く、～をかたづける
reply,～と答える
report,～を報告する、報道する
rescue,救い出す、救助する
respect,～を尊敬する、～を大切にする
respond,こたえる
rest,休む、横になる
return,帰る、戻る
reuse,～を再利用する
ride,～に乗る
ring,鳴る　〔過去形rang〕
rise,（太陽などが）のぼる
roll,巻く、くるむ
rule,～を支配する、統治する
run,"1. (人・動物が）走る　　〔過去分詞もrun〕
2. ～を経営する
3. （川などが）流れる"
save,"1. (危害・困難などから人・物・自然など)を救う
2. (エネルギー･時間など)を節約する、無駄にしない"
say,"1. 〔人が主語で〕～と言う
2. 〔物が主語で〕～と書いてある、示している"
scare,～を怖がらせる
score,〔競技、試験などで～点を〕取る、得点する
search,さがす 〔search for ～で〕～をさがす
see,"1. ～を見る、見物する
2. ～が見える
3. ～が分かる、理解する
4. ～に会う"
seem,～のように見える、～のように思われる
select,選ぶ、選択する
sell,～を売る
send,～を送る
sent,〔sendの過去形、過去分詞形〕
separate,～を分ける
set,～を準備する
shake,～を振る
share,いっしょに使う、共有する、互いに分け合う
she,彼女は［が］、あの女の人は［が］、あの女の子は［が］
shine,光る、輝く
shock,ショックを与える
shoot,～を撃つ
shop,買い物をする　〔例えば go shopping の形で〕 買い物に行く
shout,～と叫ぶ、大声で言う
show,"1. ～を見せる、示す、教える  〔show A B の形で〕ＡにＢを見せる
2. ～を案内する"
shut,～を閉める、閉まる 　〔過去形、過去分詞形もshut〕
sigh,ため息をつく
sing,（～を）歌う
sit,すわる、腰をおろす
skate,スケートですべる、スケートをする
sleep,眠る
smell,～のにおいがする
smile,ほほえむ、にっこり笑う、微笑する
solve,～を解決する
sort,～を分類する、えり分ける
sound,～に聞こえる、～に思われる
speak,(ことば)を話す、話をする
spell,(文字など)をつづる
spend,"1. (お金）を使う、費やす
2. (時間・日など) を過ごす、送る"
spread,広がる
stand,"1. 立っている
2. 立つ
3.我慢する､耐える"
start,"1. 始まる  〔自動詞〕
2. ～を始める  〔他動詞〕"
stay,"1. (場所に)とどまる
2. 滞在する、泊まる"
step,（一歩・少し）歩む
stop,"1. とまる  〔自動詞〕
2. ～をやめる、とめる  〔他動詞〕"
strive,懸命に努力する
study,～を勉強する、調べる、研究する
suffer,苦しむ
suggest,提案する
support,(人や考え)を支持する、支援する
surf,サーフィン〔波乗り〕をする
surprise,～を驚かす、びっくりさせる　 〔be surprised at ～ の形で〕 (知らせなど)に驚いている
surround,～を囲む、取り巻く
survive,生き残る
swallow,～をごくりと飲み込む
swim,泳ぐ
take,"1.  (時間、労力)がかかる
2.  ～を持っていく、連れて行く
3.  (乗り物)に乗る、乗っていく
4.  (写真)をとる
5. 買う
6. 服用する
7. ～をする、行う　〔take a bathの形で〕風呂に入る
8. （試験、授業などを）受ける
9. 持って行く、持ち去る
10. 受け取る"
talk,話す、話をする
taste,"1. 味わう、食べる
2. （～の）味がする"
teach,～を教える　 〔teach A B の形で〕 ＡにＢを教える　
tell,"1. ～に話す、～を話す、教える　〔tell Ａ Ｂの形で〕 Ａ［人］にＢ［ものごとなど］を話す
2. 〔tell Ａ to do ～の形で〕 Ａ［人］に～するように言う"
thank,～に感謝する
think,～と考える、思う
touch,～にさわる、触れる
train,"1. ～を訓練する
2. 練習する"
translate,～を翻訳する、訳す
trap,～をわなで捕まえる、閉じこめる
travel,旅する、移動する
trust,～を信頼する
try,～をやってみる、挑戦する、ためしてみる、(try to～の形で）～しようとする
turn,"1. 曲がる、向きを変える
2. 回る、回転する
3. 回す、ひねる"
understand,～を理解する、～がわかる
unplug,（～の）プラグを（コンセントから）抜く
upset,気を動転させる、うろたえさせる
use,～を使う
visit,"1. (場所、人など)をおとずれる
2. (ウェブサイトなど)をおとずれる"
wait,待つ　　〔wait for ～の形で〕～を待つ
wake,〔wake you up〕あなたを起こす
walk,"1. 歩く、歩いて行く［来る］
2. 散歩させる"
want,"1. ～がほしい
2. 〔want to do ～の形で〕 ～したい
3. 〔want A to do ～の形で〕 Ａ［人］に～してほしい"
wash,～を洗う
watch,"1. (注意して、動いているもの)を見る
2. ～見はる"
water,～に水をやる
wear,～を着ている、身につけている
welcome,歓迎する
whisper,（～と）ささやく、ひそひそ声でで言う
whistle,口笛を吹く、口笛を吹くように鳴く
win,勝つ、～を勝ち取る
wish,～を願う、望む　〔たとえば I wish you a happy new year.の形で〕新年おめでとう
wonder,（～する）かしら（と思う）、～かどうかを知りたいと思う
work,"1. 働く、勉強する
2. うまくいく、機能する、作動する、動く"
worry,心配する、悩む
wrap,包む、包装する
write,～を書く
am,"1. 〔現在進行形やbe going to do ～の形で用いる〕
2. 〔受け身の文を作る〕　"
are,"1. 〔現在進行形やbe going to do ～の形で用いる〕
2. 〔受け身の文を作る〕　　"
be,"1. 〔進行形 (be+doing) や be going to do ～の形で用いる〕
2. 〔受け身(be+ 過去分詞) の形で用いる〕　"
can,"1. ～できる、～してもよい
2. 《許可を表して》 〔Can I ～? の形で〕 ～してもよいですか
3. 《依頼を表して》 〔Can you～? の形で〕 ～してくれますか
4. よく～である、～でありうる"
cannot,～できない
could,"〔can の過去形〕  
1. 《ていねいな依頼として》 〔Could you ～? の形で〕 ～していただけませんか
2. 《能力・可能を表して》 ～することができた"
did,〔doの過去形で、疑問文や否定文を作るのに使う〕
do,"1. 〔疑問文と応答に用いる〕
2. 〔否定文に用いる〕
3. 〔否定の命令文を作る〕
4. 〔前に出た動詞句をくり返す代わりに用いる〕
5. [付加疑問文で]　(～は…する)ね。"
does,〔主語が3人称単数の時の do の形で、疑問文や否定文を作るのに使う〕
has,〔現在完了の文において、主語が３人称単数の時の has の形で、疑問文や否定文を作るのに使う〕
have,"1. 〔have＋過去分詞の形で〕 《ある動作や状態が、過去から現在までずっと続いていることを表して》 ずっと～している、ずっと～だ
2. 〔have＋過去分詞の形で〕 《ある動作や状態が終わったこと、またそれが終わった今の状態を示して》 （ちょうど）～したところだ、（もう、すでに）～してしまった
3. 〔have＋過去分詞の形で〕 《過去から現在までにした経験を表して》 ～したことがある　　　　　　　　　　　　　　　　　　　　　　　　　　 　　　　　　　　　　　　　　　　　　　　　　　　　　　　　　　"
is,"1. 〔現在進行形やbe going to do～ の形で用いる〕
2. 〔受け身の文を作る〕　 "
may,"1. ～かもしれない、することがある
2. 〔May I ～? の形で〕 ～してもよいですか  　"
must,"1.～しなければならない
2.～に違いない
3. (must notの形で)～してはならない"
shall,《相手の意思をたずねて》　〔Shall I do ～ ?の形で〕 (私が）～しましょうか　　《Weの中に相手を含め、相手の意思をたずねて》　〔Shall we do ～?〕　(私たちは）～しましょうか
should,～したほうがよい、～すべきである
shouldn't,〔should notの短縮形〕～するべきではない
will,"1. 《意思未来を表して》 ～するつもりである
2. 《単純未来を表して》 ～でしょう
3. 《習性・真理・必然性を表して》 ～するものだ、決まって～する　  "
would,"1. 〔would like to do～ の形で〕～したいと思う
2. 〔Would you like ～? の形で〕～はいかがですか
3. [Would you～？の形で]～してくださいますか？
4. [過去の否定文で]どうしても～しようとしなかった　"
able,〔be able toの形で〕 ～することができる
afraid,"1. 〔be afraid of ～ の形で〕 ～をおそれる、こわがる、心配する
2. 〔I am afraid ～の形で〕　残念ですが［すみませんが］ ～（と思います）　"
African-American,アフリカ系アメリカ人の
all,"1. 全～、～全体
2. 全ての、あらゆる"
alone,ただ１人の　
amazing,驚くべき、目を見張らせる
American,アメリカ人の、アメリカの
ancient,古代の
angry,怒った、腹を立てた
another,"1. もう１つの
2. 別の、異なった、ほかの"
any,"1. 〔疑問文で〕 何か（の）、少しでも
2. 〔肯定文で〕 どのような～でも　　
3. 〔否定文で〕 少しも、だれも、何も（～ない）"
artificial,人工の
atomic,原子（力）の　〔atomic bombで〕原子爆弾、原爆
bad,"1. 悪い
2. 〔That's too bad. の形で〕 残念だ。お気の毒に。"
beautiful,美しい、きれいな、すばらしい
best,"1. 〔goodの最上級〕最もよい
2. 〔（With) Best wishesの形で〕 "
better,"〔good, well (具合がよい）の比較級として〕 よりよい、より優れた、より具合［体の状態］がよい、より上手な"
big,"1. 大きい
2. （程度が）すごい、大～  〔たとえば a big fan の形で〕 大ファン"
billion,10億の
black,黒い、黒人の
blind,目の不自由な
blue,"1. 青い
2. 青ざめた、ゆううつな"
boring,たいくつな
brave,勇敢な
bright,かがやいている、明るい
British,英国（人）の、イギリス（人）の
brown,茶色の
busy,忙しい
capital,大文字の
careful,注意深い、慎重な
cheap,安い、安っぽい
cheerful,（生活などが）明るい、快活・陽気な
Chinese,中国の、中国人の、中国語の
classic,古典的な、代表的な
clean,きれいな、清潔な、クリーンな
clear,"1. 澄んだ、晴れた
2. はっきりした、（話しの内容・事実など）明らかな"
clever,りこうな
close,"1. 近い、接近した、親密な、親しい
2. 接戦の、互角の"
cloudy,曇りの
cold,寒い、冷たい
comic,喜劇の　〔comic storytelling で〕話芸
common,ふつうの、よくある、ありふれた、平凡な
convenient,便利な、使いやすい、好都合な
cool,"1. 涼しい
2. かっこいい、すてきな"
crowded,混雑した、満員の
cute,かわいい、かわいらしい
daily,毎日の、日々の、日常の
dangerous,危ない、危険な
dark,"1. （光がなくて）暗い
2. （色が）濃い"
dead,死んだ、死んでいる
dear,《手紙の書き出しとして》 ～様、拝啓、親愛なる
deep,深い
delicious,おいしい
depressed,落胆した、元気をなくした
different,"1. さまざまな、いろいろな、別々の
2. ちがった、異なる"
difficult,難しい、困難な
displaced,故国を追われた、難民の
down,元気のない
dressed,服を着た　〔get dressed で〕服を着る
each,それぞれの、各～
early,早い
eastern,東の、東部の、東方の
easy,やさしい、簡単な
efficient,効率のよい、能率的な
eight,8つの
eighteen,18の
eighteenth,18番めの
eighth,8番めの
eighty,80の
elderly,年配の、高齢の
elementary,基本の、初級の
eleven,11の
eleventh,11番めの
embarrassed,恥ずかしい、気まずい
empty,からの、からっぽの
English,英語の、英国の、イングランドの
enough,十分な、必要なだけの、ちょうどいい数［量］の
equal,平等な
every,〔名詞の単数形につけて〕 どの～もみな、～ごとに、毎～
excellent,非常に優れた、優秀な
excited,わくわくした、興奮した
exciting,とてもおもしろい、わくわくするような
expensive,高価な
fair,公正な
famous,有名な
fast,(速度が) 速い、短時間で終わる
favorite,いちばん好きな、お気に入りの、大好きな
fifteen,15の
fifteenth,15番目の
fifth,5番目の
fifty,50の
final,最後の、最終の
fine,"1. すばらしい
2. 晴れた　 
3. 元気な、調子のよい
4. 結構な、構わない"
first,1番目の、最初の
five,5つの
fluffy,ふわふわした、柔らかい
foreign,外国の
former,以前の、前の、昔の
forty,40の
four,4つの
fourteen,14の
fourth,4番目の
free,"1. 自由な［で］
2. ひまな［で］、時間がある
3. 無料の［で］"
French,フランスの、フランス人の、フランス語の
fresh,新鮮な、新しい
friendly,親しみのある、好意的な、友好的な
full,いっぱいの
funny,面白い、愉快な
future,未来の、将来の
glad,うれしい
global,"地球の,地球規模の、世界規模の"
gold,金の
good,"1. よい、すぐれた
2. 行儀がよい
3. おいしい
4. りっぱな、正しい
5. 十分な
6. 〔Good morning.〕おはようございます
7. 非常に親しい 〔a good friendの形で〕仲良し
8. ためになる、よい
9. 楽しい､愉快な
10. 上手な、うまい、得意な　(特にbe good at ～の形で)"
gray,灰色の、ねずみ色の
great,"1. すばらしい、みごとな
2. 《程度を示して》多大な、非常な、（びっくりするほど）大きい"
green,"1. 緑（色）の
2. 植物の生えた"
happy,"1. 幸せな､うれしい､たのしい
2. おめでとう 〔たとえば Happy New Year! 等の形で〕 新年おめでとう　　　　　　　　　 "
hard,"1. 難しい、骨の折れる、困難だ
2. つらい、耐えがたい、苦しい
3. 一生懸命な
4.固い"
Hawaiian,"ハワイの,ハワイ人の,ハワイ語の"
heavy,重い
helpful,役に立つ、助けになる
high,"1. （高さ・値段・程度・地位が）高い
2. 高さが～で　　　　　　　　　　　　　　　　　　　　　　　　　　　 "
home,家庭の、家庭用の
homesick,うちを恋しがる、故郷を慕う、ホームシックの
hopeless,絶望した
hot,"1. 熱い
2. 暑い　　　　　　　　　　　　　　　　　　　　　　　　  "
huge,巨大な
humid,蒸し暑い
hundred,100の
hungry,お腹がすいた、飢えた
iced,〔飲みものが〕(氷で)冷やした
important,重要な、重大な、大切な
impossible,不可能な、ありえない
impressive,印象的な、深い感動を与える
Indian,インド(人）の
industrial,産業の
intense,激しい、厳しい、強烈な
interested,興味をもった､関心がある　〔be interested in～の形で〕 ～に興味がある
interesting,《人に知的な興味をあたえるような意味で》 おもしろい、興味深い
international,国際的な、万国共通の
Italian,イタリアの、イタリア人の
itchy,かゆい
Japanese,日本の、日本人の、日本語の
junior,下級の、年下の
kind,親切な、やさしい
Korean,韓国・朝鮮（人）の、韓国・朝鮮語の
large,（広くて）大きい
last,"1. 先～、昨～、（時間的に）この前の
2. 最後の"
late,遅れた、遅刻した、遅い、最近の
latest,最新の
least,littleの最上級
left,左の
less,littleの比較級、より少ない
light,"1. 明るい
2. 軽い"
limited,限られた、有限の
little,"1. 〔a little＋数えられない名詞で〕 (量が) 少しの、少量の
2. 〔 a をつけないで〕 ほとんど～ない
3. 小さい、かわいらしい
4. 年少の、幼い
5. ささいな"
living,生きている
lonely,孤独な、さびしい
long,"1. (時間・長さ・距離が)長い
2. 長さが～で"
loud,（声、音などが）大きい
low,低い
lucky,運のいい、ついている
magic,手品の
main,おもな、主要な
majestic,荘厳な、堂々とした
major,(他と比べて)大きな、主要な、重要な
many,多くの、多数の
memorial,記念の
million,百万の
missing,紛失した、行方不明の
model,模型の
more,"1. もっと多くの 〔many, much の比較級〕
2. 〔しばしば数詞または some のあとで〕あと～の　"
most,"1. 最も多くの〔many, much の最上級〕
2. ほとんどの、たいていの"
much,"1. (量が)多くの、たくさんの
2. 〔How much～? の形で〕 いくら～か"
mysterious,ふしぎな、不可解な
narrow,(幅が)せまい
national,"1. 国の、国民の
2. 全国的な"
native,(国、言語などが)生まれたときからの
natural,自然な、当然の、普通の
naughty,いたずらな、わんぱくな
necessary,必要な、なくてはならない
nervous,緊張して、神経質な、ドキドキして、臆病な
new,新しい、新任の、見慣れない
next,次の、今度の　　
nice,"1. よい、すてきな
2. 〔Nice to meet you. の形で〕 はじめまして
3. （～に対して）親切な、優しい、思いやりがある 　 "
nine,９つの
nineteen,19の
ninety,90の
ninth,9番目の
no,１人［１つ］も～ない、少しの～もない
non-native,(話し手が）母語によらない
northern,北部の
OK,よくて､だいじょうぶで
old,"1. 古い､古くからの､昔の
2. ～歳の(years oldの形で）､創立～年の
3. 年をとった、年上の"
one,"1. １つの､１人の
2. ある～"
only,唯一の､ただ１つ［１人］の
open,あいている、（店などが）営業中の［で］
opposite,反対の
ordinary,普通の
original,独自の
other,"1. 〔the other～ の形で〕 《２つのものについて》 もう一方の～   《３つ以上のものについて》 残りの～
2. ほかの、他の"
own,～自身の　 〔たとえば my own house の形で〕 私自身の家
pale,顔色の悪い
paralyzed,麻痺した
peaceful,平和な、穏やかな
perfect,完全な、完璧な
personal,個人的な
physically challenged,身体に障害のある
pink,ピンク色（の）、もも色（の）
plastic,プラスチック製の、ビニール製の
playful,楽しげな、陽気な
political,政治の、政治に関する
poor,"1. 貧しい
2. かわいそうな、へたな
3. 劣った、優れない"
pop,大衆的な
popular,人気がある、流行している､大衆的な
positive,積極的な、肯定的な、前向きな
possible,可能な、実行できる
powerful,力強い、迫力のある
pretty,かわいい、きれいな、感じのよい
professional,専門（職）の、プロの
proud,〔be proud of ～の形で〕～に誇りを持っている
public,公の、公共の
purple,紫色（の）
quick,すばやい、速い
quiet,静かな
rainy,雨の多い、雨降りの
ready,準備ができている
real,本当の、本物の
red,赤い、赤色（の）、赤
regular,正規の、レギュラーの
renewable,〔renewable energy で〕再生可能エネルギー
responsible,責任を負うべき
return,帰りの
rich,豊かな、金持ちの
ridiculous,とんでもない、ばかげた
right,"1. 正しい
2. 健康な、正常な
3. 〔All right.の形で〕 よろしい、わかった
4. 右の"
roast,焼いた、あぶった
round,丸い
runny,鼻水が出る
sacred,神聖な
sad,悲しい
safe,安全な
same,〔the same の形で〕 同じ、同一の
scared,（～が）こわい　〔be scared of で〕～がこわい
scary,これい
second,第２の、２番めの
senior,年上の、上級の
serious,（病気などが）重い、重大な
seven,7、７つの
seventeen,17の
seventeenth,17の番目の、１７日
seventh,７番めの
seventy,70、70の
several,いくつかの
severe,厳しい
shiny,輝く、光る
short,短い､背が低い
shy,内気な、恥ずかしがりの
sick,病気の［に］、気分が悪い
silent,静かな、沈黙の
similar,似ている
simple,簡単な、わかりやすい
single,たったひとつの
six,6の
sixteen,16の
sixth,6番めの
sixty,60の
skillful,熟練した
sleepy,ねむい、ねむそうな
slow,ゆっくりとした、のろい、遅い
small,小さい、小さな
smart,利口な、賢い
snowy,雪の多い、雪の降っている
soft,柔らかい
solar,太陽の、〔solar power で〕太陽エネルギー
some,"1. 一部の、中には～もいる［ある］
2. いくつかの、いくらかの"
sore,痛い、ヒリヒリする
sorry,"1. すまなく思って、残念に思って
2. 〔疑問文で〕なんとおっしゃいましたか。"
southeastern,南東の、南東地方の
southern,南の
special,特別の、特殊な
sport,スポーツ（用）の
square,四角の、（面積の単位として）…平方
stiff,かたい
straight,まっすぐな
strange,変な、変わった、なじみのない
strong,強い　　　
successful,成功した
such,そのような、このような
sunny,晴れた、天気のよい
sure,2. 確かな   〔I'm sure ～ の形で〕 ～を確信している
surprised,びっくりした、おどろいた
surprising,驚くべき、すばらしい
sweet,"1. (味が)甘い
2. (音、香りなどが)美しい、心地よい"
tall,"1. 高い、背の高い
2. 〔高さを表す表現のあとに置いて〕 身長［高さ］が～で　　"
ten,10の
tender,やさしい
tenth,10番めの
terrible,ひどい、恐ろしい、こわい
Thai,タイの、タイ人の
that,その、あの
these,"1. これらの
2. 近頃の、〔these days で〕近頃、最近"
thin,やせた
third,３番目の　　　〔third floor で〕３階
thirsty,のどが渇いた
thirteen,13の
thirteenth,13番めの
thirtieth,30番目（の）、30日
thirty,30の
this,"1. この
2.今の、今日の、今度の　"
those,あれらの、それらの
thousand,1000の
three,3つの
tired,"1. つかれた
2. あきた 〔be tired of ～の形で〕～にあきる"
tough,〔仕事などが〕困難な
traditional,伝統的な
traveling,巡業する、旅する
true,ほんとうの、真実の
twelfth,12番めの
twelve,12の
twentieth,20番目の
twenty,20の
twenty-eighth,28番目（の）、28日
twenty-fifth,25番目（の）、25日
twenty-first,21番目（の）、21日
twenty-fourth,24番目（の）、24日
twenty-second,22番目（の）、22日
twenty-ninth,29番目（の）、29日
twenty-seventh,27番目（の）、27日
twenty-sixth,26番目（の）、26日
twenty-third,23番目（の）、23日
two,2つの
two-year-old,2歳（の）
unclean,〔宗教上の〕不浄な、汚い、不潔な
unfair,不公平な、不正な
unique,独特の、めずらしい
upset,気が動転した、取り乱した
used,使用済みの、使い古した
useful,役に立つ
various,様々な
vast,広大な
warm,暖かい
weak,"1. 弱い、かすかな
2. （液体などが）薄い　〔たとえば weak tea の形で〕  薄いお茶  "
welcome,歓迎される　〔You're welcome. の形で〕 どういたしまして
well,（体の状態、具合が）よい、健康である
western,西の、西部の　(Western で）欧米の
what,"1. 何の、どんな
2. （感嘆を表して）なんという～"
which,どちらの、どの
white,白い､白人の
whole,（まとまった）全体の、すべての、全～
wide,幅の広い
wonderful,すばらしい、すてきな、みごとな
wooden,木製の、木造の
worried,心配した、不安な
worse,もっと悪い〔下手な、ひどい〕《 bad の比較級》
worst,もっとも悪い〔下手な、ひどい〕《 bad の最上級》
worth,〔worth ～ing で〕～するだけの価値がある
wrong,"1. 間違った
2. 具合･調子の悪い　　 "
yellow,黄色い(の)
young,若い
zero,0の、ゼロの
a.m.,午前 〔6:45a.m.のように、時刻の後に付ける〕
about,約～、およそ～、だいたい、ほぼ
abroad,外国に［へ、で］
across,横切って、横断して、向こう側に
actually,"実際に(は), 本当に, 現実に"
again,ふたたび、もう一度、また、≪否定文で≫二度と
ago,（今から） ～前（に）
ahead,～の前方に
all,"1. 〔all over～ の形で〕　～の至る所で、～一面に
2. 〔all right の形で〕だいじょうぶな
3. 〔All right の形で〕 よろしい。わかった。了解した。
4. まったく、すっかり、すべて   〔all alone の形で〕 １人ぼっちの
5. [all about～の形で] ～次第"
all right ,よろしい、わかった、了解した
almost,ほとんど
alone,1人で
already,〔ふつうは肯定文で〕すでに、もう
also,〔ふつうは一般動詞の直前、be動詞・助動詞のあとに用いて〕 ～も（また）
always,いつも、常に
any,[not ～ any moreの形で]　もう～ない
anymore,〔否定文・疑問文で〕今（で）はもう・・・（でない）
anytime,いつでも
anyway,とにかく
anywhere,どこでも
around,"1. ひとまわりして、巡って 、〔たとえば pass around ～の形で〕　～を順々に回す
2. 近くに、あたりに
3. あちこち、ぐるりと 〔たとえば run around の形で〕 走り回る
4. およそ、約～、～ごろ、～くらい"
as,《比較を表して》 〔 as A as B の形で、あとの as が接続詞 〕　Ｂと同じくらいＡな［で］
away,離れて、去って、向こうへ
back,戻って、もとの所に、戻して、かえって
before,以前に、前に、すでに
below,下の（に、を）　〔below zeroで〕氷点下
best,〔wellの最上級〕最も上手に、最もよく
better,〔well の比較級〕よりよく、より上手に
both,〔both A and B の形で〕 ＡもＢも両方とも
calmly,静かに
carefully,注意深く
certainly,確かに、きっと
certainly,もちろん、承知しました
cheerfully,元気よく、楽しそうに
clearly,はっきり（と）
close,すぐ近くで、接近して、ぴったりと
closely,じっと、一心に
deeply,深く
differently,（～と）異なって
down,"1. 下へ［に］、下の方へ［に］
2. 落ち着いて"
downstairs,階下へ（に、で）
early,(時間や時期が) 早く
easily,容易に、簡単に、たやすく、楽々、わけなく
either,"1. 〔否定文の後で〕 ～もまた（…ない）
2. （either ～ or … の形で） ～か…のどちらか"
else,（その）ほかに［の］ 　 〔たとえば something else の形で〕 何かほかのもの
enough,(必要なだけ） 十分に、ちょうどよく
especially,特に、とりわけ
even,～さえ、～でも
ever,〔疑問文・否定文で〕これまでに、いつか、かつて
everywhere,いたるところに、どこでも、どこにも
exactly,（あいづちとして）そうです、全くそのとおりです
far,遠く、遠くに　〔far awayの形で〕 遠く離れて
fast,速く
finally,最後に、ついに
first,最初に、第一に
forever,永久に
forward,"前へ、前方へ
 〔look forward to ～ing の形で〕～するのを楽しみにする。"
hard,"1. 熱心に、一生懸命に
2. 激しく、強く"
here,"1. ここで［に］
2. 〔Here is ［are］ ～の形で〕ここに～があります
3. 〔Here's ～ の形で〕 《物を渡して》 はい、～をどうぞ　〔Here you are. の形で〕 《物を渡して》 はい、どうぞ
4. 〔Here we are. の形で〕 さあ、着きました"
high,高く
home,家庭（故郷）へ［に］
how,"1. 《状態などをたずねて》どんな状態で、どのように
2. 《数量・程度などをたずねて》どれくらい、どれほど
3. 《方法・手段などをたずねて》どうやって、どのように、どんなふうに
4. 《あとに形容詞や副詞がきて》なんと"
however,≪接続詞的に≫しかしながら、けれども
in,中へ［に］
incredibly,信じられないほど、すごく
indoors,屋内に(で)、家の中に（で）
instead,（その）かわりに
just,"1. ちょっと、ほんの、ただ～だけ
2. 〔過去形や現在完了形とともに用いて〕 たった今、ちょうど（～たばかりだ）
3. ちょうど、まさに"
last,最後に、一番あとに、この前
late,遅く、遅れて
later,〔late の比較級のひとつ〕あとで、～後
left,左に、左の方に
less,littleの比較級、もっと少なく
little,〔a littleの形で〕 (量・程度が)少しは、ちょっとは
long,(時間・長さ・距離が)長く
maybe,たぶん
more,もっと〔much の比較級、つづりの長い語の比較級に使う〕
most,最も〔much の最上級、つづりの長い語の最上級に使う〕
much,"1. 〔very muchの形で〕とても、たいへん、すごく
2. 〔比較級を強めて〕ずっと、はるかに"
neither,(否定文のあとで）～もまた…（し）ない
never,決して～ない、今まで（一度も）～ない
next,"1. 次に
2. 〔next to ～ の形で〕～のとなりに"
no,いいえ、ちがいます、まさか
north,北へ、北に
not,～でない、～（し）ない
now,"1. 今、現在
2. さて、ところで
3. 今すぐ
4. そのとき、今や　*右記例文のnowは「現在」の意味。"
o'clock,～時
off,《くっついた状態からはなれた状態への変化を表して》はなれて、外れて
often,よく､しばしば
OK,"1.《提案・依頼などに対する返事として》よろしい、いいよ、わかった
2. 問題ない、大丈夫"
on,"1.《付着を表して》離れず、しっかり　〔たとえばのHold on.形で〕（何かに）つかまって、（電話を）切らないでそのまま待って
2.《所持･着用を表して》～を身につけて
3.《継続を表して》先へ、進んで、続けて　〔たとえば go on の形で〕 先を進む、続ける"
once,"1. １度、１回
2. かつて、以前に"
only,ただ～だけ､ほんの～にすぎない
originally,元々は、本来は
out,"1. なくなって
2. 外出して､外に［へ］
3. 最後まで、徹底的に"
outside,外で、屋外で
over,"1. 上方に
2. 向こう側へ、超えて
3. 終わって
4. 倒れて、ひっくり返して 〔たとえば Turn over the page. の形で〕 ページをめくりなさい"
overseas,海外へ、外国に
p.m.,午後 〔2:30 p.m.のように、時刻の後に付ける〕
past,すれ違って、通り過ぎて
perfectly,完全に、申し分なく
perhaps,たぶん
please,《人に何かを頼む時に》 ～お願いします、どうぞ～してください
precisely,正確に
quickly,急いで､速く、すぐに
quietly,静かに、黙って
quite,とても、たいへん
really,"1. 非常に、実に､本当に、とても
2.へぇ"
right,まさに、ちょうど　
right,右に、右側に
safely,安全に
second,第２に、２番目に
short,急に､突然　　〔cut shortで〕～を急に終わらせる
sincerely,《正式な手紙の結びのことばとして》 敬具
slowly,ゆっくりと
so,"1. とても、非常に
2. そんなに、それほど
3. そう、そのように
4. 〔～ and so on の形で〕 ～など"
some,〔数詞の前で〕およそ～、約～
sometimes,ときどき、ときには
somewhere,どこかに、どこかで、どこかへ
soon,まもなく、すぐに
still,今でも、まだ
still,それでも
straight,まっすぐに
strongly,強く
suddenly,突然、急に、不意に
sure,《返事に用いて》 いいとも、もちろん
that,そんなに、それほど
then,"1. そのあとで、それから､次に
2. そうすれば
3. それでは
4. そのとき"
there,"1. 〔There is ［are］ ～ の形で〕 ～がある、いる
2. そこに[で、へ]"
third,３番めに、第３に
tightly,しっかりと
today,今日（は）、このごろは
together,いっしょに
tomorrow,明日（は）
tonight,今夜（は）
too,"1. ～もまた、同様に
2.あまりにも、～すぎる"
truly,本当に、実に
twice,2回、2度
up,"1. 上へ、上の方へ
2. 立って、起きて、目覚めて
3. すっかり、つきて　〔たとえば Time is up.の形で〕 もう時間です［時間切れです］"
usually,たいていは、ふつうは
very,とても、非常に、たいへん
well,"1. 上手に、うまく
2. 正しく、りっぱに"
when,いつ
where,どこに［で、へ］
why,なぜ、どうして
yes,"1. はい、そうです
2. そうです、そのとおりです
3. 《呼びかけなどを受けて》はい"
yesterday,昨日（は）
yet,"1.〔疑問文で〕もう
2.〔否定文で〕 まだ（～しない）"
aboard,（乗りものを使って）～に乗って
about,《関連を表して》 ～について
above,～の上に
across,"1. 《位置を示して》 ～の向こう側に、～を横切って、（道などを横切った）反対側に
2. ～のいたるところに、～（の一面）に"
after,"1. 《時間を表して》 ～のあとに［で］　 〔after school の形で〕 放課後
2. 《追求を表して》 ～を追って　 "
against,"1. 《敵対を表して》 ～にさからって、対して
2. 《反対を表して》 ～に反対して"
along,"1. ～に沿って、～沿いに                                                        
2. ～の上をずっと　〔たとえば　walk along the street　の形で〕　通りを歩く"
among,～の中で［に］、～の間で［に］
around,"1. ～の周りに［で］
2. ～中（ちゅう）に［で］、～のあちらこちらに［で］、いたるところに［で］　   "
as,～として
at,"1. 《時の一点を表して》 ～に、～時に
2. 《方向・対象を表して》 ～を  〔たとえば look at ～ の形で〕 ～を見る
3. 《場所を表して》～で、～に　〔たとえば at home の形で〕 自宅で　
4. ～に関して、～の点において、～の点で "
before,《時間を表して》 ～（より）前に［の］
behind,～の後ろに、～の陰に
beside,～のそばに
between,《場所・時間・関係を表して》 ～の間に［で、の］
by,"1. 《動作主を示して》 ～によって、～による〔主に受け身の文で〕
2. 《位置を表して》 ～のそばに
3. 《交通・通信などの手段を示して》 ～で、～によって　
4. ～までには
5. ～にもとづいて　 "
down,～の下へ［に］、～を通って、～に沿って
during,《継続を表して》 ～の間は［に］
for,"1. 《用途を表して》 ～のために［の］、～用の、～にふさわしい  〔For here. の形で〕 ここで食べます《ファストフード店での会話表現》
2. 〔for example の形で〕 たとえば
3. 《目的を表して》 ～を求めて  〔ask Ａ for Ｂの形で〕 Ａ［人］にＢ［ものごと］を要求する  〔look for ～の形で〕 ～をさがす
4. 《観点・規準を表して》 ～にとっては、～にしては
5. 《期間を表して》 ～の間（ずっと） 〔for a long timeの形で〕 長い
6. 《利益を表して》 ～のための［に］
7. 《対象を示して》～に（対して）
8. 《資格・特性を表して》 ～として
9. 〔It is ～ for Ａ to do…〕 Ａ［人］が･･･するのは～だ
10. ≪同等を示して≫～を意味する
11. ≪原因・理由を表して≫～のために、～が原因で
12. ≪方向を表して≫～へ向かって
13. ≪支持、賛成を表して≫～に賛成して
14. ≪代理を表して≫～のかわりに"
from,"1. 《場所を示して》 ～から
2. 《出所・起源・由来を示して》 ～から（の）、～出身の
3. 《時間を示して》 ～から　 "
in,"1. 《場所・空間・位置・関係を示して》～の中に［で］、～に［で］、～では、～において
2. 《時期・期間・年代などの時を示して》～に　
3. 《分野・限定を示して》～に関して、～について
4. 《時間の経過を示して》～の後に、～たって、～のうちに
5. 《状態を示して》～の状態に［で］
6. 《行為の対象を示して》～を、～に対して
7. ≪手段を示して≫～で
8. ≪着用を示して≫～を身につけて、～を着て
9. ≪所属を示して≫～に所属して、～に従事して 　　　　　　　　　　　　　　　　　　　　　　　　　　　　　　　　　　　　　　  　　　　　　　　　　　　　　　　　　　　　　　　　　　　　　　　　　　　　　　　　　　　　　　　　　　　　　　　　　　　　　　　　　　　　　　　　　　　　　　　　　　　　 　　　　　　　　　　　　　　　　　　　　　　　　　　　　　　　　　　　　  　　　　　　　　　　　　　　　　　　　　　　　　　　　　　　　　　　　　　"
including,（～を）含めて
into,"1. ～へ［に］, ～の中へ［に、で］
2. ≪状態の変化を表して≫～へ、～に（変わって、なって）"
like,～のような［に］、～に似ている、～に似た
near,～の近くの［に、で］
of,"1. 《性質・属性・起源を表して》 ～の 〔たとえばthe leg of the tableの形で〕テーブルのあし
2. 《単位・分量・容器などを表して》 ～の　〔たとえば a cup of coffee の形で〕一杯のコーヒー  
3. 《意味上の主語を示して》 ～の　〔たとえば the visit of an ALT〕 ALTの訪問　 
4. 《意味上の目的語を示して》 ～の　〔たとえば her love of sports の形で〕 彼女のスポーツ愛好　　
5. 《同格の関係を表して》 ～の　〔たとえば the city of Goshogawara の形で〕 五所川原市
6. 《材料・構成物を表して》 ～の　〔たとえば a family of five の形で〕 ５人家族
7. 《全体に対する部分を表して》 ～の（中の） 〔たとえば a member of the baseball team の形で〕 野球部の一員 
8.［it is A of B to～の形で］～するとはBはAである
9.～から（離れて）　［たとえばin front of～の形で］～の前
10.～で（できている）、～（製）"
off,～からはなれて
on,"1. 《手段・方法を示して》 ～で　〔たとえばon TVの形で〕テレビで
2. 《日付･曜日の前で》 ～に
3. 《接触を表して》 （～の上）に[で]　〔たとえばa book on the desk の形で〕 机の上の本
4. 《状態を表して》 ～中（ちゅう）で、～して　〔たとえばの on my way to school 形で〕 学校へ行く途中で
5. ～に面して、～に接して 〔たとえばthe building on your left〕 あなたの左手の建物
6. ～の一員で
7.（影響・対象）に対して
8.～について（の）、～に関する
9.～で、～（のため）に[たとえばon a tripの形で]"
over,"1. 《ものの上や地域一帯を覆うことを示して》～の上に［で］
2. 〔over＋数字の形で〕～以上の
3. ～の中（じゅう）の［に、を］、～の一面の［に、を］"
plus,～を加えて
since,～以来（ずっと今まで）、～から今日まで
than,～よりも、～にくらべて
through,"1. 《原因・手段を表して》 ～によって、～を通じて
2. 《期間を表して》 ～の間中（じゅう）
3.  《通過・貫通》 ～を通して　　"
throw,～を投げる
to,"1. 《動作の対象などを表して》 ～に、～に対して
2. 《到達点、方向、行き先など》 ～に、～へ、～まで　　
3. 〔原因・理由を表す不定詞で〕 ～して
4. 〔名詞のはたらきをする不定詞で〕 ～すること　　
5. 〔形容詞のはたらきをする不定詞で〕 ～するための、するべき
6. 〔目的を表す不定詞で〕 ～するために
7.  ～にとって　〔たとえば important to all of us の形で〕 私たち全員にとって重要な
8. ～に合わせて　 "
toward,～の方へ、～に向かって
under,"1. ～の下に［へ、で、の］
2．～のもとで、～に従って"
until,～まで（ずっと）
up,～をあがって
upon,（基本的な意味は on とほぼ同じ）
with,"1. 《手段・道具を表して》 ～で、～を使って
2. 《関連を表して》 ～に関して、ついて  
3. 《付随･所有･属性を表して》 ～のある、を身につけて
4. 《相手を表して》 ～と　 
5. 《同伴を表して》 ～といっしょに
6. 《原因・理由を表して》～が原因で　 "
without,～なしで
after,(～が…した) あとに［で］
also,≪文頭で≫また、さらにその上
although,～だけれど
and,"1. 〔語句を結ぶ〕 ～と…
2. 〔文を結ぶ〕 そして～
3. 〔命令文のあとで〕 そうすれば
4. 〔～and so on の形で〕 ～など
5. [同一語を繰り返し用いて]　ますます～、どんどん～　  　   　   "
as,"1. 《比較を表して》 〔 as A as B の形で、前の as が副詞 〕　Ｂと同じくらいＡな［で］
2. 《様態を表して》 ～のとおり（に）
3. 《時を表して》 ～のとき、～しながら　　"
because,《理由を示して》（～が）･･･なので、（なぜなら）～が･･･だから
before,(～が･･･する）前に
but,"1. しかし、でも、けれども、だが
2. [not only～ but also…の形で]　ただ～だけでなくまた…"
if,《条件・仮定を表して》もし～ならば、仮に～だとすれば
nor,～でも…でもない
once,一旦～したからには
or,"1. 〔命令文に続けて〕そうしなければ、そうしないと
2. 《選択を表して》 ～または・・・、～か・・・"
since,(～が・・・して）以来、してから（今まで）
so,それで、そこで、だから
than,～が…する［である］よりも
that,"～ということ　〔think, know, hope, say などの動詞のあとにきて、しばしば省略される〕"
until,（～が・・・する）まで（ずっと）
when,（～する）ときに
while,～する間に（は）
from,"1. 《場所を示して》 ～から
2. 《出所・起源・由来を示して》 ～から（の）、～出身の
3. 《時間を示して》 ～から　 "
in,"1. 《場所・空間・位置・関係を示して》～の中に［で］、～に［で］、～では、～において
2. 《時期・期間・年代などの時を示して》～に　
3. 《分野・限定を示して》～に関して、～について
4. 《時間の経過を示して》～の後に、～たって、～のうちに
5. 《状態を示して》～の状態に［で］
6. 《行為の対象を示して》～を、～に対して
7. ≪手段を示して≫～で
8. ≪着用を示して≫～を身につけて、～を着て
9. ≪所属を示して≫～に所属して、～に従事して 　　　　　　　　　　　　　　　　　　　　　　　　　　　　　　　　　　　　　　  　　　　　　　　　　　　　　　　　　　　　　　　　　　　　　　　　　　　　　　　　　　　　　　　　　　　　　　　　　　　　　　　　　　　　　　　　　　　　　　　　　　　　 　　　　　　　　　　　　　　　　　　　　　　　　　　　　　　　　　　　　  　　　　　　　　　　　　　　　　　　　　　　　　　　　　　　　　　　　　　"
including,（～を）含めて
into,"1. ～へ［に］, ～の中へ［に、で］
2. ≪状態の変化を表して≫～へ、～に（変わって、なって）"
like,～のような［に］、～に似ている、～に似た
near,～の近くの［に、で］
of,"1. 《性質・属性・起源を表して》 ～の 〔たとえばthe leg of the tableの形で〕テーブルのあし
2. 《単位・分量・容器などを表して》 ～の　〔たとえば a cup of coffee の形で〕一杯のコーヒー  
3. 《意味上の主語を示して》 ～の　〔たとえば the visit of an ALT〕 ALTの訪問　 
4. 《意味上の目的語を示して》 ～の　〔たとえば her love of sports の形で〕 彼女のスポーツ愛好　　
5. 《同格の関係を表して》 ～の　〔たとえば the city of Goshogawara の形で〕 五所川原市
6. 《材料・構成物を表して》 ～の　〔たとえば a family of five の形で〕 ５人家族
7. 《全体に対する部分を表して》 ～の（中の） 〔たとえば a member of the baseball team の形で〕 野球部の一員 
8.［it is A of B to～の形で］～するとはBはAである
9.～から（離れて）　［たとえばin front of～の形で］～の前
10.～で（できている）、～（製）"
off,～からはなれて
on,"1. 《手段・方法を示して》 ～で　〔たとえばon TVの形で〕テレビで
2. 《日付･曜日の前で》 ～に
3. 《接触を表して》 （～の上）に[で]　〔たとえばa book on the desk の形で〕 机の上の本
4. 《状態を表して》 ～中（ちゅう）で、～して　〔たとえばの on my way to school 形で〕 学校へ行く途中で
5. ～に面して、～に接して 〔たとえばthe building on your left〕 あなたの左手の建物
6. ～の一員で
7.（影響・対象）に対して
8.～について（の）、～に関する
9.～で、～（のため）に[たとえばon a tripの形で]"
over,"1. 《ものの上や地域一帯を覆うことを示して》～の上に［で］
2. 〔over＋数字の形で〕～以上の
3. ～の中（じゅう）の［に、を］、～の一面の［に、を］"
plus,～を加えて
since,～以来（ずっと今まで）、～から今日まで
than,～よりも、～にくらべて
through,"1. 《原因・手段を表して》 ～によって、～を通じて
2. 《期間を表して》 ～の間中（じゅう）
3.  《通過・貫通》 ～を通して　　"
throw,～を投げる
to,"1. 《動作の対象などを表して》 ～に、～に対して
2. 《到達点、方向、行き先など》 ～に、～へ、～まで　　
3. 〔原因・理由を表す不定詞で〕 ～して
4. 〔名詞のはたらきをする不定詞で〕 ～すること　　
5. 〔形容詞のはたらきをする不定詞で〕 ～するための、するべき
6. 〔目的を表す不定詞で〕 ～するために
7.  ～にとって　〔たとえば important to all of us の形で〕 私たち全員にとって重要な
8. ～に合わせて　 "
toward,～の方へ、～に向かって
under,"1. ～の下に［へ、で、の］
2．～のもとで、～に従って"
until,～まで（ずっと）
up,～をあがって
upon,（基本的な意味は on とほぼ同じ）
with,"1. 《手段・道具を表して》 ～で、～を使って
2. 《関連を表して》 ～に関して、ついて  
3. 《付随･所有･属性を表して》 ～のある、を身につけて
4. 《相手を表して》 ～と　 
5. 《同伴を表して》 ～といっしょに
6. 《原因・理由を表して》～が原因で　 "
without,～なしで
a,"1.　～というもの
2.　～につき
3.　1 つの、1 人の〔数えられる名詞の前に置き、ふつう訳さない〕"
an,1つの、1人の 〔母音ではじまる数えられる名詞の前に置き、ふつう訳さない〕
the,"1. 〔特定のものや前後関係で何を指すかわかる名詞の前につける〕
2. 〔最上級の前につける〕
3. 〔唯一のものの前につける〕
4. 〔川・複数形の国名など、特定の固有名詞とともに〕　　　 　 　"
bye,じゃあね、バイバイ
dear,おや、まあ
good,《賛成・満足を表して》 よろしい、そのとおり
goodbye,さようなら
hello,"1. こんにちは
2. 《電話で》 もしもし 　　
3. やあ、あのー、もしもし　　　　　　　　　　　　　　　　　　　　　　　　　　　　　　　　　　　　　　　　　　　　　　　　　　　　　　　　　　　　　　　　　　　　　　　　　　　　　　　　"
here,《相手の注意をうながして》ほら、さあ、はい　
hey,（疑問を表して）えっ
hi,やあ、こんにちは
Oh,おや、まあ、おお
OK,《注意をうながして》ええと､それでは、よろしい、いいとも
welcome,ようこそ、いらっしゃい
well,"1. 《ためらったり、考えるために間を置くときに用いて》 ええと、そうですね、うーん
2. 《話を切り出すときに用いて》 さて、それでは  
3. まあ　"
what,《驚き、とまどいなどを表して》 えっ、何？
wow,〔驚きや喜びを表して〕うわあ、ああ、ま
